folio	line	original	recovered	confidence	candidates
f1r	1	***r*s	cthres	AMBIGUOUS	cthres;kchrrs;ykaras;olaras;otaras
f1r	2	ar*	ary	AMBIGUOUS	ary;arl;aro;are;arg
f1r	2	dan*	dana	HIGH	dana;dany
f1r	3	cth*r	cthor	HIGH	cthor;cthar;cther
f1r	4	cth*ar	cthear	HIGH	cthear;cthaar
f1r	4	cth*ar	cthear	HIGH	cthear;cthaar
f1r	4	*oiin	soiin	AMBIGUOUS	soiin;doiin;koiin;qoiin;roiin
f1r	4	cth*ar	cthear	HIGH	cthear;cthaar
f1r	4	*oiin	soiin	AMBIGUOUS	soiin;doiin;koiin;qoiin;roiin
f1r	4	cth*ar	cthear	HIGH	cthear;cthaar
f1r	7	*	s	AMBIGUOUS	s;y;r;o;l
f1r	7	*	s	AMBIGUOUS	s;y;r;o;l
f1r	7	*y	dy	AMBIGUOUS	dy;sy;ky;ty;ly
f1r	7	sh*	sho	AMBIGUOUS	sho;shy;she;shd;sha
f1r	7	*	s	AMBIGUOUS	s;y;r;o;l
f1r	7	*	s	AMBIGUOUS	s;y;r;o;l
f1r	8	*shy	dshy	AMBIGUOUS	dshy;kshy;tshy;lshy;pshy
f1r	9	sh**	shey	AMBIGUOUS	shey;shol;shor;shdy;sheo
f1r	10	*oteody	qoteody	CERTAIN	qoteody
f1r	10	*s	os	AMBIGUOUS	os;ls;as;ds;es
f1r	10	*s	os	AMBIGUOUS	os;ls;as;ds;es
f1r	11	*	s	AMBIGUOUS	s;y;r;o;l
f1r	11	*	s	AMBIGUOUS	s;y;r;o;l
f1r	11	*	s	AMBIGUOUS	s;y;r;o;l
f1r	11	*	s	AMBIGUOUS	s;y;r;o;l
f1r	13	cph*daiils	cphodaiils	CERTAIN	cphodaiils
f1r	13	cphoda**ls	cphodaiils	CERTAIN	cphodaiils
f1r	13	d*	dy	AMBIGUOUS	dy;dl;do;da;dm
f1r	14	d*n	dan	CERTAIN	dan
f1r	14	d*r	dar	HIGH	dar;dor;dlr;dir
f1r	14	d*n	dan	CERTAIN	dan
f1r	14	kod*	kody	HIGH	kody;kodl
f1r	18	ckhyd*	ckhydy	HIGH	ckhydy;ckhyds
f1r	19	*chy	dchy	AMBIGUOUS	dchy;kchy;tchy;lchy;ochy
f1r	19	*chy	dchy	AMBIGUOUS	dchy;kchy;tchy;lchy;ochy
f1r	19	*chy	dchy	AMBIGUOUS	dchy;kchy;tchy;lchy;ochy
f1r	19	*p*tol	cphtol	CERTAIN	cphtol
f1r	19	d*oct*	dlocta	CERTAIN	dlocta
f1r	22	d*	dy	AMBIGUOUS	dy;dl;do;da;dm
f1r	22	d*	dy	AMBIGUOUS	dy;dl;do;da;dm
f1r	22	d*	dy	AMBIGUOUS	dy;dl;do;da;dm
f1r	23	*doin	ydoin	CERTAIN	ydoin
f1r	23	*doin	ydoin	CERTAIN	ydoin
f1r	23	**oin	ykoin	AMBIGUOUS	ykoin;okoin;ydoin;shoin;oloin
f1r	23	*doin	ydoin	CERTAIN	ydoin
f1r	23	**	ol	AMBIGUOUS	ol;or;ar;dy;al
f1r	24	cho*o	cholo	AMBIGUOUS	cholo;choto;choko;chodo;chofo
f1r	24	*o	qo	AMBIGUOUS	qo;lo;do;ro;so
f1r	24	echo**	echody	CERTAIN	echody
f1r	24	*o	qo	AMBIGUOUS	qo;lo;do;ro;so
f1r	24	cho*o	cholo	AMBIGUOUS	cholo;choto;choko;chodo;chofo
f1r	24	sh*aiin	sheaiin	HIGH	sheaiin;shkaiin;shoaiin;shdaiin;shtaiin
f1r	25	**chol	otchol	AMBIGUOUS	otchol;okchol;opchol;ytchol;ykchol
f1r	25	k**chy	keechy	AMBIGUOUS	keechy;korchy;karchy;kotchy;kadchy
f1r	25	**chol	otchol	AMBIGUOUS	otchol;okchol;opchol;ytchol;ykchol
f1r	25	k**chy	keechy	AMBIGUOUS	keechy;korchy;karchy;kotchy;kadchy
f1r	25	*chol	dchol	AMBIGUOUS	dchol;kchol;tchol;ychol;pchol
f1r	25	**chol	otchol	AMBIGUOUS	otchol;okchol;opchol;ytchol;ykchol
f1r	25	k**chy	keechy	AMBIGUOUS	keechy;korchy;karchy;kotchy;kadchy
f1r	25	ok**	okal	AMBIGUOUS	okal;okar;okol;okey;okor
f1r	25	*chol	dchol	AMBIGUOUS	dchol;kchol;tchol;ychol;pchol
f1r	25	ka*ch*	karchy	HIGH	karchy;kadchy
f1r	26	d*eeo	deeeo	CERTAIN	deeeo
f1r	26	de*o	defo	HIGH	defo;deeo
f1r	26	d*eeo	deeeo	CERTAIN	deeeo
f1r	27	*eo	keo	HIGH	keo;teo;oeo;eeo
f1r	27	*o*	qol	AMBIGUOUS	qol;dol;sol;dor;sor
f1r	27	*eo	keo	HIGH	keo;teo;oeo;eeo
f1r	2	*	s	AMBIGUOUS	s;y;r;o;l
f1r	4	*	s	AMBIGUOUS	s;y;r;o;l
f1r	5	*	s	AMBIGUOUS	s;y;r;o;l
f1r	6	*	s	AMBIGUOUS	s;y;r;o;l
f1r	7	*	s	AMBIGUOUS	s;y;r;o;l
f1r	8	*	s	AMBIGUOUS	s;y;r;o;l
f1r	9	*	s	AMBIGUOUS	s;y;r;o;l
f1r	11	*	s	AMBIGUOUS	s;y;r;o;l
f1r	12	*	s	AMBIGUOUS	s;y;r;o;l
f1r	13	*	s	AMBIGUOUS	s;y;r;o;l
f1r	14	*	s	AMBIGUOUS	s;y;r;o;l
f1r	15	*	s	AMBIGUOUS	s;y;r;o;l
f1r	16	*	s	AMBIGUOUS	s;y;r;o;l
f1r	17	*	s	AMBIGUOUS	s;y;r;o;l
f1r	18	*	s	AMBIGUOUS	s;y;r;o;l
f1r	19	*	s	AMBIGUOUS	s;y;r;o;l
f1r	20	*	s	AMBIGUOUS	s;y;r;o;l
f1r	21	*	s	AMBIGUOUS	s;y;r;o;l
f1r	22	*	s	AMBIGUOUS	s;y;r;o;l
f1r	23	*	s	AMBIGUOUS	s;y;r;o;l
f1r	24	*	s	AMBIGUOUS	s;y;r;o;l
f1r	26	*	s	AMBIGUOUS	s;y;r;o;l
f1v	7	dolch*ody	dolchsody	CERTAIN	dolchsody
f2r	2	***	dar	AMBIGUOUS	dar;dal;qol;chy;sho
f2r	4	*aiidy	daiidy	HIGH	daiidy;saiidy
f2r	11	**saiin	olsaiin	AMBIGUOUS	olsaiin;qosaiin;losaiin;tesaiin;eosaiin
f2v	2	kch*	kchy	AMBIGUOUS	kchy;kcho;kchs;kchm;kche
f3r	9	*or	dor	AMBIGUOUS	dor;sor;lor;tor;kor
f3r	9	*or	dor	AMBIGUOUS	dor;sor;lor;tor;kor
f3v	3	oai*	oain	HIGH	oain;oair
f3v	3	okai*	okain	HIGH	okain;okair;okail;okaim;okais
f3v	3	okai*	okain	HIGH	okain;okair;okail;okaim;okais
f3v	4	chearee*	cheareen	CERTAIN	cheareen
f4r	2	*s	os	AMBIGUOUS	os;ls;as;ds;es
f4r	4	*okaiin	qokaiin	AMBIGUOUS	qokaiin;kokaiin;lokaiin;sokaiin;yokaiin
f4r	5	*tydy	otydy	HIGH	otydy;ytydy
f4r	5	*tady	otady	HIGH	otady;ytady
f4v	5	**	ol	AMBIGUOUS	ol;or;ar;dy;al
f4v	5	cth*	cthy	AMBIGUOUS	cthy;ctho;cthd;cths;ctha
f5r	2	oka*or	okalor	HIGH	okalor;okaror;okasor
f5r	2	ok**or	okchor	AMBIGUOUS	okchor;okeeor;okalor;okshor;okedor
f5r	3	oteee*	oteeey	AMBIGUOUS	oteeey;oteees;oteeen;oteeeo;oteeed
f5v	2	**	ol	AMBIGUOUS	ol;or;ar;dy;al
f5v	2	chot*	choty	HIGH	choty;choto;chots;chote
f5v	2	chot*	choty	HIGH	choty;choto;chots;chote
f5v	3	qo*	qol	AMBIGUOUS	qol;qor;qok;qot;qoy
f6r	4	cho*y	chody	AMBIGUOUS	chody;choty;choky;choly;chory
f6v	3	**eockhy	cheockhy	HIGH	cheockhy;sheockhy;oeeockhy
f6v	5	**	ol	AMBIGUOUS	ol;or;ar;dy;al
f6v	5	sh**	shey	AMBIGUOUS	shey;shol;shor;shdy;sheo
f6v	10	qokche*	qokchey	HIGH	qokchey;qokcheo;qokched
f7v	2	ch**y	chedy	AMBIGUOUS	chedy;cheey;chody;cheky;choty
f7v	4	chotee**	choteeey	HIGH	choteeey;choteeen;choteedy
f7v	6	sh*odaiin	sheodaiin	CERTAIN	sheodaiin
f7v	7	shotch*	shotchy	HIGH	shotchy;shotcho
f7v	7	shotch*	shotchy	HIGH	shotchy;shotcho
f7v	8	te*	tey	HIGH	tey;teo;ted;tel
f8r	6	*cheey	ycheey	AMBIGUOUS	ycheey;dcheey;lcheey;tcheey;kcheey
f8r	14	*o	qo	AMBIGUOUS	qo;lo;do;ro;so
f8r	14	*ey	key	AMBIGUOUS	key;tey;eey;dey;qey
f8r	15	*daiin	odaiin	AMBIGUOUS	odaiin;ydaiin;ldaiin;pdaiin;tdaiin
f8r	17	*y	dy	AMBIGUOUS	dy;sy;ky;ty;ly
f8r	18	*l	ol	AMBIGUOUS	ol;al;dl;yl;kl
f8v	1	*od	qod	AMBIGUOUS	qod;kod;tod;dod;lod
f8v	4	*shol	tshol	AMBIGUOUS	tshol;pshol;dshol;kshol;yshol
f8v	15	ch*y	chey	AMBIGUOUS	chey;chdy;chky;chty;choy
f8v	15	che*y	chedy	AMBIGUOUS	chedy;cheey;cheky;chety;chepy
f8v	15	chee*	cheey	AMBIGUOUS	cheey;chees;cheeo;cheen;cheed
f9r	6	*odo	qodo	CERTAIN	qodo
f9r	9	cho*y	chody	AMBIGUOUS	chody;choty;choky;choly;chory
f9v	7	*chy	dchy	AMBIGUOUS	dchy;kchy;tchy;lchy;ochy
f11r	5	**y	chy	AMBIGUOUS	chy;oty;shy;oky;oly
f11v	3	*ar	dar	AMBIGUOUS	dar;sar;kar;tar;rar
f11v	4	t*	ty	HIGH	ty;to;tl;te
f11v	4	t*	ty	HIGH	ty;to;tl;te
f13r	2	qot*y	qotey	HIGH	qotey;qotoy;qotdy;qotay
f13r	7	qo**y	qokey	AMBIGUOUS	qokey;qotey;qoeey;qolky;qokdy
f13r	8	k**	kar	AMBIGUOUS	kar;kol;kal;kor;key
f13v	2	*tchol	otchol	HIGH	otchol;ytchol
f13v	4	qo*	qol	AMBIGUOUS	qol;qor;qok;qot;qoy
f14r	8	*chol	dchol	AMBIGUOUS	dchol;kchol;tchol;ychol;pchol
f14r	8	*chol	dchol	AMBIGUOUS	dchol;kchol;tchol;ychol;pchol
f14r	12	oeee*	oeees	HIGH	oeees;oeeey;oeeed;oeeen;oeeeo
f15r	10	ch**y	chedy	AMBIGUOUS	chedy;cheey;chody;cheky;choty
f15r	12	*y	dy	AMBIGUOUS	dy;sy;ky;ty;ly
f15r	13	*ar	dar	AMBIGUOUS	dar;sar;kar;tar;rar
f15v	2	*chor	dchor	AMBIGUOUS	dchor;kchor;tchor;ychor;pchor
f15v	2	*chor	dchor	AMBIGUOUS	dchor;kchor;tchor;ychor;pchor
f15v	2	*ain	dain	AMBIGUOUS	dain;sain;kain;rain;tain
f15v	2	*chor	dchor	AMBIGUOUS	dchor;kchor;tchor;ychor;pchor
f15v	2	*ain	dain	AMBIGUOUS	dain;sain;kain;rain;tain
f15v	2	*chor	dchor	AMBIGUOUS	dchor;kchor;tchor;ychor;pchor
f15v	2	*ain	dain	AMBIGUOUS	dain;sain;kain;rain;tain
f15v	7	*	s	AMBIGUOUS	s;y;r;o;l
f15v	7	*	s	AMBIGUOUS	s;y;r;o;l
f15v	7	*chy	dchy	AMBIGUOUS	dchy;kchy;tchy;lchy;ochy
f16r	10	ypcho*	ypchol	HIGH	ypchol;ypchor
f16r	13	qok*or	qokeor	HIGH	qokeor;qokoor
f16v	1	pcho*y	pchody	HIGH	pchody;pcholy;pchofy
f16v	7	ch*y	chey	AMBIGUOUS	chey;chdy;chky;chty;choy
f16v	10	*y	dy	AMBIGUOUS	dy;sy;ky;ty;ly
f17r	4	tcho*	tchor	AMBIGUOUS	tchor;tchol;tchos;tchod;tchom
f17r	4	tcho*	tchor	AMBIGUOUS	tchor;tchol;tchos;tchod;tchom
f17r	6	choto*	chotol	HIGH	chotol;chotor;chotom;chotoj
f17r	7	d*	dy	AMBIGUOUS	dy;dl;do;da;dm
f17r	7	**pchy	qopchy	HIGH	qopchy;chpchy;dypchy;yypchy
f17r	7	**epchy	shepchy	HIGH	shepchy;chepchy;keepchy;eeepchy;qoepchy
f17r	10	*ain	dain	AMBIGUOUS	dain;sain;kain;rain;tain
f17r	10	*ain	dain	AMBIGUOUS	dain;sain;kain;rain;tain
f17v	17	*ar	dar	AMBIGUOUS	dar;sar;kar;tar;rar
f18r	1	darod*	darody	HIGH	darody;darode
f18r	1	o*or	otor	AMBIGUOUS	otor;olor;okor;odor;opor
f18v	2	shy*	shyo	HIGH	shyo;shyr;shyk;shyy
f19r	2	*	s	AMBIGUOUS	s;y;r;o;l
f19r	2	ch*	chy	AMBIGUOUS	chy;cho;chl;chs;chr
f19r	2	cho*	chol	AMBIGUOUS	chol;chor;chos;chom;choy
f19r	7	q*t	qot	CERTAIN	qot
f19v	5	qocth*y	qocthey	HIGH	qocthey;qocthsy;qocthdy
f19v	9	qoto*y	qotody	HIGH	qotody;qotoky;qotoly;qotohy
f20r	5	*y	dy	AMBIGUOUS	dy;sy;ky;ty;ly
f20r	5	cheee*	cheeey	HIGH	cheeey;cheees;cheeeo;cheeen
f20r	5	*	s	AMBIGUOUS	s;y;r;o;l
f20r	5	*	s	AMBIGUOUS	s;y;r;o;l
f20v	6	cheo*y	cheody	AMBIGUOUS	cheody;cheoky;cheoty;cheoly;cheory
f20v	9	d*	dy	AMBIGUOUS	dy;dl;do;da;dm
f20v	9	d*	dy	AMBIGUOUS	dy;dl;do;da;dm
f20v	9	*	s	AMBIGUOUS	s;y;r;o;l
f20v	10	*ty	oty	AMBIGUOUS	oty;yty;ety;cty;aty
f20v	11	*ol	qol	AMBIGUOUS	qol;dol;sol;tol;lol
f22r	7	*	s	AMBIGUOUS	s;y;r;o;l
f22r	8	do*iin	doiiin	HIGH	doiiin;doaiin
f22r	8	do*iin	doiiin	HIGH	doiiin;doaiin
f22r	9	o*aiino	ofaiino	HIGH	ofaiino;oraiino;olaiino
f22v	1	q*d	qod	CERTAIN	qod
f22v	5	daii**	daiiin	AMBIGUOUS	daiiin;daiidy;daiiny;daiiry;daiijy
f23r	10	q*k	qok	HIGH	qok;qyk
f23v	2	qo*eotor	qoteotor	CERTAIN	qoteotor
f23v	10	ctho*	cthol	AMBIGUOUS	cthol;cthor;cthom;cthod;cthos
f24r	7	q*kar	qokar	HIGH	qokar;qekar;qakar
f24r	10	q*or	qoor	HIGH	qoor;qkor;qlor
f24r	10	q*ar	qoar	HIGH	qoar;qkar;qear;qtar
f24v	2	yd**s	ydals	HIGH	ydals;ydees
f24v	3	****	aiin	AMBIGUOUS	aiin;chol;chey;shey;chor
f24v	5	**r	dar	AMBIGUOUS	dar;sar;dor;air;kar
f24v	6	*ar	dar	AMBIGUOUS	dar;sar;kar;tar;rar
f24v	6	*r	or	AMBIGUOUS	or;ar;lr;dr;yr
f24v	12	*to	oto	HIGH	oto;yto;cto
f24v	12	qok*	qoky	AMBIGUOUS	qoky;qokl;qoko;qokg;qokd
f25r	1	*in	ain	HIGH	ain;oin;iin
f25v	1	***aiin	qokaiin	AMBIGUOUS	qokaiin;qotaiin;olkaiin;qodaiin;chkaiin
f25v	6	*	s	AMBIGUOUS	s;y;r;o;l
f25v	6	*	s	AMBIGUOUS	s;y;r;o;l
f25v	7	o*	ol	AMBIGUOUS	ol;or;os;om;ot
f26r	2	*aiin	daiin	AMBIGUOUS	daiin;saiin;kaiin;raiin;taiin
f26v	1	o*iiin	oiiiin	HIGH	oiiiin;otiiin
f26v	1	d*rin	darin	CERTAIN	darin
f26v	1	o**iin	okaiin	AMBIGUOUS	okaiin;otaiin;odaiin;olaiin;oraiin
f26v	2	ar**	aral	AMBIGUOUS	aral;arol;aram;arar;aror
f26v	6	ch*ky	cheky	AMBIGUOUS	cheky;choky;chyky;chsky;chcky
f27v	4	kch*d	kchod	HIGH	kchod;kched
f28v	9	*	s	AMBIGUOUS	s;y;r;o;l
f29r	5	a*	ar	AMBIGUOUS	ar;al;am;an;as
f29v	9	ykch*	ykchy	AMBIGUOUS	ykchy;ykcho;ykchs;ykcha;ykchn
f31r	2	***in	daiin	AMBIGUOUS	daiin;saiin;okain;kaiin;raiin
f31r	4	ch*d*	chedy	AMBIGUOUS	chedy;chody;chsdy;chady;chydy
f38v	7	*	s	AMBIGUOUS	s;y;r;o;l
f38v	7	*	s	AMBIGUOUS	s;y;r;o;l
f39r	2	shckh*y	shckhey	HIGH	shckhey;shckhdy;shckhhy;shckhfy
f39r	3	ch**y	chedy	AMBIGUOUS	chedy;cheey;chody;cheky;choty
f39r	7	ch*dy	chedy	AMBIGUOUS	chedy;chody;chsdy;chady;chydy
f40v	17	o*y	oty	AMBIGUOUS	oty;oky;oly;ody;ory
f41r	3	ra*	rar	AMBIGUOUS	rar;ral;ram;ras;ray
f41r	3	qok***	qokedy	AMBIGUOUS	qokedy;qokeey;qokain;qokchy;qokeol
f42r	22	choro*	choror	HIGH	choror;chorol;chorom
f43r	3	ytch*y	ytchey	HIGH	ytchey;ytchdy;ytchoy;ytchpy
f43r	5	ch*dy	chedy	AMBIGUOUS	chedy;chody;chsdy;chady;chydy
f43r	13	od*dy	odady	HIGH	odady;odydy;odody
f43v	15	darod*	darody	HIGH	darody;darode
f44r	6	o*checkhy	olcheckhy	CERTAIN	olcheckhy
f45r	9	*oror	toror	HIGH	toror;poror;doror;loror;ooror
f45v	5	oty*	otys	HIGH	otys;otyd;otyl
f45v	6	*	s	AMBIGUOUS	s;y;r;o;l
f45v	6	*	s	AMBIGUOUS	s;y;r;o;l
f46r	1	chepch*	chepchy	HIGH	chepchy;chepchx
f46r	7	*olshol	polshol	HIGH	polshol;dolshol;xolshol
f46v	3	sh*y	shey	AMBIGUOUS	shey;shdy;shky;shty;shoy
f47r	8	cho*	chol	AMBIGUOUS	chol;chor;chos;chom;choy
f48r	6	da*dy	daldy	HIGH	daldy;dardy;daidy;daedy
f48r	6	da*dy	daldy	HIGH	daldy;dardy;daidy;daedy
f48v	11	*ckhy	ockhy	AMBIGUOUS	ockhy;qckhy;ackhy;dckhy;sckhy
f49v	5	*	s	AMBIGUOUS	s;y;r;o;l
f49v	6	*	s	AMBIGUOUS	s;y;r;o;l
f49v	6	*	s	AMBIGUOUS	s;y;r;o;l
f49v	6	*	s	AMBIGUOUS	s;y;r;o;l
f49v	11	*	s	AMBIGUOUS	s;y;r;o;l
f49v	11	*	s	AMBIGUOUS	s;y;r;o;l
f49v	11	r*	ry	AMBIGUOUS	ry;ro;rl;rd;rn
f49v	13	*	s	AMBIGUOUS	s;y;r;o;l
f49v	14	*	s	AMBIGUOUS	s;y;r;o;l
f49v	14	*	s	AMBIGUOUS	s;y;r;o;l
f49v	14	*	s	AMBIGUOUS	s;y;r;o;l
f49v	15	*	s	AMBIGUOUS	s;y;r;o;l
f49v	18	*	s	AMBIGUOUS	s;y;r;o;l
f49v	18	r*	ry	AMBIGUOUS	ry;ro;rl;rd;rn
f49v	20	*	s	AMBIGUOUS	s;y;r;o;l
f49v	21	*	s	AMBIGUOUS	s;y;r;o;l
f49v	21	*	s	AMBIGUOUS	s;y;r;o;l
f49v	21	*	s	AMBIGUOUS	s;y;r;o;l
f49v	24	*	s	AMBIGUOUS	s;y;r;o;l
f49v	12	choka*	chokal	HIGH	chokal;chokar;chokam;chokan
f50v	5	ok*dyd	okedyd	CERTAIN	okedyd
f51r	13	yk*eol	ykeeol	CERTAIN	ykeeol
f51r	13	yk*eol	ykeeol	CERTAIN	ykeeol
f51v	11	shee*	sheey	AMBIGUOUS	sheey;shees;sheeo;sheed;sheet
f54r	7	d*sh	dysh	HIGH	dysh;dash
f54v	2	ctha*ldy	cthaildy	CERTAIN	cthaildy
f54v	5	o*aiin	okaiin	AMBIGUOUS	okaiin;otaiin;odaiin;olaiin;oraiin
f55r	8	*ar	dar	AMBIGUOUS	dar;sar;kar;tar;rar
f55r	8	*aloeees	xaloeees	CERTAIN	xaloeees
f55v	7	**	ol	AMBIGUOUS	ol;or;ar;dy;al
f55v	8	ch*dy	chedy	AMBIGUOUS	chedy;chody;chsdy;chady;chydy
f57r	1	che*dy	cheody	HIGH	cheody;cheedy;cheady;chetdy
f57r	3	che*dy	cheody	HIGH	cheody;cheedy;cheady;chetdy
f57r	8	*chedy	lchedy	AMBIGUOUS	lchedy;pchedy;tchedy;dchedy;kchedy
f57r	8	qoked*m	qokedam	CERTAIN	qokedam
f57v	1	*	s	AMBIGUOUS	s;y;r;o;l
f57v	1	*s	os	AMBIGUOUS	os;ls;as;ds;es
f57v	1	*	s	AMBIGUOUS	s;y;r;o;l
f57v	1	*s	os	AMBIGUOUS	os;ls;as;ds;es
f57v	1	*r	or	AMBIGUOUS	or;ar;lr;dr;yr
f57v	1	d*	dy	AMBIGUOUS	dy;dl;do;da;dm
f57v	1	*	s	AMBIGUOUS	s;y;r;o;l
f57v	1	*	s	AMBIGUOUS	s;y;r;o;l
f57v	1	*	s	AMBIGUOUS	s;y;r;o;l
f57v	1	*	s	AMBIGUOUS	s;y;r;o;l
f57v	1	*	s	AMBIGUOUS	s;y;r;o;l
f57v	1	*	s	AMBIGUOUS	s;y;r;o;l
f57v	1	*	s	AMBIGUOUS	s;y;r;o;l
f57v	1	*	s	AMBIGUOUS	s;y;r;o;l
f57v	1	*	s	AMBIGUOUS	s;y;r;o;l
f57v	1	*	s	AMBIGUOUS	s;y;r;o;l
f57v	1	*	s	AMBIGUOUS	s;y;r;o;l
f57v	1	*	s	AMBIGUOUS	s;y;r;o;l
f57v	1	*	s	AMBIGUOUS	s;y;r;o;l
f57v	1	*	s	AMBIGUOUS	s;y;r;o;l
f57v	1	*	s	AMBIGUOUS	s;y;r;o;l
f57v	1	*	s	AMBIGUOUS	s;y;r;o;l
f57v	1	*	s	AMBIGUOUS	s;y;r;o;l
f57v	1	*	s	AMBIGUOUS	s;y;r;o;l
f57v	1	*	s	AMBIGUOUS	s;y;r;o;l
f57v	1	*	s	AMBIGUOUS	s;y;r;o;l
f57v	1	*	s	AMBIGUOUS	s;y;r;o;l
f57v	1	*	s	AMBIGUOUS	s;y;r;o;l
f57v	1	*	s	AMBIGUOUS	s;y;r;o;l
f57v	1	*	s	AMBIGUOUS	s;y;r;o;l
f57v	1	*	s	AMBIGUOUS	s;y;r;o;l
f57v	1	*	s	AMBIGUOUS	s;y;r;o;l
f57v	1	*i	ci	HIGH	ci;ai
f57v	1	*	s	AMBIGUOUS	s;y;r;o;l
f57v	1	*	s	AMBIGUOUS	s;y;r;o;l
f57v	1	*	s	AMBIGUOUS	s;y;r;o;l
f57v	1	*	s	AMBIGUOUS	s;y;r;o;l
f57v	1	*i	ci	HIGH	ci;ai
f57v	1	*o	qo	AMBIGUOUS	qo;lo;do;ro;so
f57v	1	*	s	AMBIGUOUS	s;y;r;o;l
f57v	1	*	s	AMBIGUOUS	s;y;r;o;l
f57v	1	*o	qo	AMBIGUOUS	qo;lo;do;ro;so
f57v	1	*	s	AMBIGUOUS	s;y;r;o;l
f57v	1	*	s	AMBIGUOUS	s;y;r;o;l
f57v	1	*o	qo	AMBIGUOUS	qo;lo;do;ro;so
f57v	1	*	s	AMBIGUOUS	s;y;r;o;l
f57v	1	*	s	AMBIGUOUS	s;y;r;o;l
f57v	1	*	s	AMBIGUOUS	s;y;r;o;l
f57v	1	*	s	AMBIGUOUS	s;y;r;o;l
f57v	1	*	s	AMBIGUOUS	s;y;r;o;l
f57v	1	*	s	AMBIGUOUS	s;y;r;o;l
f57v	1	*	s	AMBIGUOUS	s;y;r;o;l
f57v	1	*	s	AMBIGUOUS	s;y;r;o;l
f57v	1	*ar	dar	AMBIGUOUS	dar;sar;kar;tar;rar
f57v	1	*	s	AMBIGUOUS	s;y;r;o;l
f57v	1	*	s	AMBIGUOUS	s;y;r;o;l
f57v	1	*	s	AMBIGUOUS	s;y;r;o;l
f57v	1	ara*arar	aralarar	CERTAIN	aralarar
f58r	20	aroda*m	arodaim	CERTAIN	arodaim
f58r	29	som*	somy	CERTAIN	somy
f58v	20	o*shy	okshy	AMBIGUOUS	okshy;otshy;olshy;orshy;oyshy
f58v	30	t**eor	tcheor	HIGH	tcheor;tsheor
f65v	2	qop*	qopy	HIGH	qopy;qops
f65v	3	*as	sas	AMBIGUOUS	sas;kas;das;ras;oas
f65v	6	shckh*cphy	shckhecphy	CERTAIN	shckhecphy
f66r	10	ykal*	ykaly	HIGH	ykaly;ykald;ykalo
f66r	14	qols*	qolsa	CERTAIN	qolsa
f66r	9	*	s	AMBIGUOUS	s;y;r;o;l
f66r	9	*	s	AMBIGUOUS	s;y;r;o;l
f66r	9	*	s	AMBIGUOUS	s;y;r;o;l
f66r	23	r*	ry	AMBIGUOUS	ry;ro;rl;rd;rn
f66r	23	*	s	AMBIGUOUS	s;y;r;o;l
f66r	23	*	s	AMBIGUOUS	s;y;r;o;l
f66r	23	r*	ry	AMBIGUOUS	ry;ro;rl;rd;rn
f66r	27	*	s	AMBIGUOUS	s;y;r;o;l
f66r	27	*	s	AMBIGUOUS	s;y;r;o;l
f66r	27	*	s	AMBIGUOUS	s;y;r;o;l
f66r	4	**tey	qotey	AMBIGUOUS	qotey;chtey;sotey;dytey;oltey
f66r	4	k*ar	koar	HIGH	koar;kear
f66r	5	**keeody	qokeeody	HIGH	qokeeody;olkeeody;chkeeody;qykeeody;oekeeody
f66r	7	dsheo*	dsheol	AMBIGUOUS	dsheol;dsheor;dsheos;dsheoy;dsheog
f66r	9	*shol	tshol	AMBIGUOUS	tshol;pshol;dshol;kshol;yshol
f66r	9	**ol	chol	AMBIGUOUS	chol;shol;otol;okol;keol
f66r	9	*shol	tshol	AMBIGUOUS	tshol;pshol;dshol;kshol;yshol
f66r	12	qokch*	qokchy	AMBIGUOUS	qokchy;qokcho;qokchd;qokchs;qokcha
f66r	12	*okaiir	qokaiir	CERTAIN	qokaiir
f66r	17	*	s	AMBIGUOUS	s;y;r;o;l
f66r	23	otee*y	oteedy	HIGH	oteedy;oteeey;oteesy
f66v	1	da*deam	daldeam	CERTAIN	daldeam
f66v	7	cheke*r	chekear	HIGH	chekear;chekeor
f67r1	2	keeod**	keeodal	HIGH	keeodal;keeodar;keeodol
f67r1	3	dy*aiin	dykaiin	HIGH	dykaiin;dytaiin
f67r1	1	*eedy	keedy	AMBIGUOUS	keedy;teedy;oeedy;eeedy;deedy
f67r1	1	*cthchy	qcthchy	HIGH	qcthchy;octhchy
f67r1	1	soe*keot	soeokeot	CERTAIN	soeokeot
f67r1	2	*	s	AMBIGUOUS	s;y;r;o;l
f67r1	2	che*ar	chedar	AMBIGUOUS	chedar;chekar;chetar;cheoar;chepar
f67r2	2	ara**	arary	AMBIGUOUS	arary;araly;arain;arany;arals
f67r2	5	*ykor	rykor	CERTAIN	rykor
f67r2	8	***chey	qokchey	AMBIGUOUS	qokchey;qotchey;qolchey;qopchey;solchey
f67r2	1d	do***	doiin	AMBIGUOUS	doiin;doiir;dolar;doldy;dolor
f67r2	2a	sa*	sar	AMBIGUOUS	sar;sal;sam;sas;san
f67r2	3c	d*l	dal	AMBIGUOUS	dal;dol;ddl;dyl;del
f67r2	11c	q**	qol	AMBIGUOUS	qol;qor;qok;qot;qoy
f67r2	2	so*ar	sodar	AMBIGUOUS	sodar;sokar;sosar;soear;solar
f67r2	2	**	ol	AMBIGUOUS	ol;or;ar;dy;al
f67r2	3	air**	airam	AMBIGUOUS	airam;airal;airar;airod;airol
f67r2	3	**	ol	AMBIGUOUS	ol;or;ar;dy;al
f67r2	3	chea*	chear	AMBIGUOUS	chear;cheal;cheam;chean;cheas
f67v2	1	otarara**	otararain	CERTAIN	otararain
f67v2	2a	***	dar	AMBIGUOUS	dar;dal;qol;chy;sho
f67v2	2b	***	dar	AMBIGUOUS	dar;dal;qol;chy;sho
f67v2	3b	so*ain	sorain	HIGH	sorain;solain;sotain
f67v2	4a	***	dar	AMBIGUOUS	dar;dal;qol;chy;sho
f67v2	4b	***	dar	AMBIGUOUS	dar;dal;qol;chy;sho
f67v2	5	o*eeey	okeeey	HIGH	okeeey;oteeey;oleeey;odeeey;oreeey
f67v2	5	*ekeedy	oekeedy	CERTAIN	oekeedy
f67v1	1	d**	dar	AMBIGUOUS	dar;dal;dol;dam;dor
f67v1	4	ch*o	cheo	AMBIGUOUS	cheo;chso;chko;chdo;choo
f67v1	13	*eoky	keoky	CERTAIN	keoky
f68r2	1	o*cthy	oacthy	CERTAIN	oacthy
f68r2	1	qo*ol	qokol	AMBIGUOUS	qokol;qotol;qopol;qoeol;qofol
f68r2	1	qo*ol	qokol	AMBIGUOUS	qokol;qotol;qopol;qoeol;qofol
f68r2	1	*cheo	ycheo	AMBIGUOUS	ycheo;tcheo;dcheo;kcheo;lcheo
f68r2	1	qo*ol	qokol	AMBIGUOUS	qokol;qotol;qopol;qoeol;qofol
f68r2	9	oteo*l	oteoal	HIGH	oteoal;oteodl;oteool
f68r2	9	oteo*l	oteoal	HIGH	oteoal;oteodl;oteool
f68r2	1	*key	okey	AMBIGUOUS	okey;ykey;lkey;akey;skey
f68r2	1	***	dar	AMBIGUOUS	dar;dal;qol;chy;sho
f68r2	1	o**	oty	AMBIGUOUS	oty;oky;oly;ody;ory
f68r2	1	****	aiin	AMBIGUOUS	aiin;chol;chey;shey;chor
f68r2	1	****	aiin	AMBIGUOUS	aiin;chol;chey;shey;chor
f68r3	1	qochecth*m	qochectham	CERTAIN	qochectham
f68r3	1	o*eed	oteed	HIGH	oteed;okeed;oleed;oeeed;oreed
f68r3	1	*	s	AMBIGUOUS	s;y;r;o;l
f68r3	1	ot**	otal	AMBIGUOUS	otal;otar;otol;otey;otam
f68r3	1	*s	os	AMBIGUOUS	os;ls;as;ds;es
f68r3	1	dalees*	daleesd	CERTAIN	daleesd
f68r3	1	ok****ir	okinaiir	CERTAIN	okinaiir
f68r3	4	*	s	AMBIGUOUS	s;y;r;o;l
f68r3	6	dchokch*	dchokchy	HIGH	dchokchy;dchokchr
f68r3	6	*chy	dchy	AMBIGUOUS	dchy;kchy;tchy;lchy;ochy
f68r3	7	p**dy	pchdy	HIGH	pchdy;poldy;pshdy;pardy;peedy
f68v3	0	ch*dy	chedy	AMBIGUOUS	chedy;chody;chsdy;chady;chydy
f68v3	2	*	s	AMBIGUOUS	s;y;r;o;l
f68v3	2	*am	dam	AMBIGUOUS	dam;ram;sam;kam;tam
f68v3	3	*ch**	lchey	AMBIGUOUS	lchey;dchor;dchol;kchdy;tchey
f68v3	1	ot*osal	oteosal	CERTAIN	oteosal
f68v3	1	o*shy	okshy	AMBIGUOUS	okshy;otshy;olshy;orshy;oyshy
f68v3	1	ych*o	ycheo	CERTAIN	ycheo
f68v3	1	otch*	otchy	AMBIGUOUS	otchy;otcho;otchm;otchl;otchs
f68v3	1	k*y	key	CERTAIN	key
f68v3	4	oto*	otol	AMBIGUOUS	otol;otor;otos;otoy;otod
f68v3	5	*	s	AMBIGUOUS	s;y;r;o;l
f68v3	6	chod*	chody	HIGH	chody;chodr;chodo;chodl;chodi
f68v3	1	*oar	qoar	AMBIGUOUS	qoar;toar;poar;foar;soar
f68v3	1	*oar	qoar	AMBIGUOUS	qoar;toar;poar;foar;soar
f68v2	1	c*eectheey	cheectheey	CERTAIN	cheectheey
f68v2	1	chok*eey	chokeeey	CERTAIN	chokeeey
f68v1	1	***y	chey	AMBIGUOUS	chey;shey;qoky;chdy;cthy
f69r	1	ok**	okal	AMBIGUOUS	okal;okar;okol;okey;okor
f69r	3	*air	dair	AMBIGUOUS	dair;sair;kair;tair;rair
f69r	21	okecho**	okecholy	CERTAIN	okecholy
f69v	2	*okeear	qokeear	CERTAIN	qokeear
f69v	2	cheo*	cheol	AMBIGUOUS	cheol;cheor;cheos;cheom;cheod
f69v	3	*	s	AMBIGUOUS	s;y;r;o;l
f69v	3	*	s	AMBIGUOUS	s;y;r;o;l
f69v	3	**r	dar	AMBIGUOUS	dar;sar;dor;air;kar
f69v	3	*	s	AMBIGUOUS	s;y;r;o;l
f69v	3	*	s	AMBIGUOUS	s;y;r;o;l
f70r1	1	**s**	okshy	AMBIGUOUS	okshy;oksho;otshy;ytshy;chshy
f70r1	1	s**s**	shoshy	AMBIGUOUS	shoshy;shtshy;shkshy;shesed;shysho
f70r1	1	*	s	AMBIGUOUS	s;y;r;o;l
f70r1	2	*y	dy	AMBIGUOUS	dy;sy;ky;ty;ly
f70r1	2	**oky	choky	AMBIGUOUS	choky;shoky;otoky;oloky;keoky
f70r2	1	**s	ols	AMBIGUOUS	ols;chs;sos;ees;los
f70r2	1	okee*	okeey	AMBIGUOUS	okeey;okeeo;okees;okeed;okeer
f70r2	1	shed*y	shedey	CERTAIN	shedey
f70r2	1	o***	okal	AMBIGUOUS	okal;otal;otar;okar;otol
f70r2	2	cho*	chol	AMBIGUOUS	chol;chor;chos;chom;choy
f70r2	4	ykeed*	ykeedy	HIGH	ykeedy;ykeedl
f70r2	4	oto*ar	otodar	HIGH	otodar;ototar;otolar;otorar
f70r2	4	cheeo*key	cheeoekey	CERTAIN	cheeoekey
f70r2	4	*	s	AMBIGUOUS	s;y;r;o;l
f70r2	1	k*y	key	CERTAIN	key
f70r2	4	o*eey	okeey	AMBIGUOUS	okeey;oteey;oeeey;odeey;oleey
f70r2	5	cheeo*	cheeor	AMBIGUOUS	cheeor;cheeol;cheeos;cheeod;cheeoy
f70r2	6	alo*s	alols	CERTAIN	alols
f70r2	6	*	s	AMBIGUOUS	s;y;r;o;l
f70r2	10a	*okal	qokal	HIGH	qokal;sokal;yokal;dokal
f70v2	1	ola*	olar	HIGH	olar;olal;olam;olan;olas
f70v2	1	y**or	ychor	AMBIGUOUS	ychor;ykeor;yteor;yshor;yokor
f70v2	2	*dy	ody	AMBIGUOUS	ody;ldy;ydy;ddy;ady
f70v2	1	ota*	otal	AMBIGUOUS	otal;otar;otam;otan;otas
f70v2	1	otai*	otain	HIGH	otain;otair;otaim;otais;otail
f70v1	1	oa***	oaiin	AMBIGUOUS	oaiin;oaiir;oaram;oarar;oaral
f70v1	1	ot**ody	oteeody	HIGH	oteeody;otchody;otalody;otarody;otorody
f70v1	2	o**ey	okeey	AMBIGUOUS	okeey;oteey;olkey;ochey;oshey
f70v1	2	*potey	opotey	CERTAIN	opotey
f71r	1	ch*	chy	AMBIGUOUS	chy;cho;chl;chs;chr
f71r	1	**o**y	otoldy	AMBIGUOUS	otoldy;choldy;chotey;sholdy;okoldy
f71r	1	o*teor	oeteor	CERTAIN	oeteor
f71r	3	ote*ol	oteeol	HIGH	oteeol;otedol;oteool
f71r	1	chek*	cheky	HIGH	cheky;chekl;cheka
f71v	1	****	aiin	AMBIGUOUS	aiin;chol;chey;shey;chor
f71v	1	****eodal	opcheodal	HIGH	opcheodal;qokeeodal;olkeeodal
f71v	1	oshe*	oshey	HIGH	oshey;osheo;oshed
f71v	1	kee*r	keeor	HIGH	keeor;keear
f71v	8	*kar	okar	AMBIGUOUS	okar;ykar;lkar;akar;skar
f71v	1	sh*dy	shedy	AMBIGUOUS	shedy;shody;shsdy;shldy;shddy
f71v	1	ofa*fom	ofacfom	CERTAIN	ofacfom
f72r1	1	ch*****y	chckhedy	AMBIGUOUS	chckhedy;checkhey;cheockhy;chcthedy;chocthey
f72r1	1	***s	chos	AMBIGUOUS	chos;ches;shes;shos;eees
f72r1	1	ch**ltey	cheoltey	CERTAIN	cheoltey
f72r1	1	te**dy	teeedy	HIGH	teeedy;teeody
f72r1	1	qota*	qotal	AMBIGUOUS	qotal;qotar;qotam;qotas;qotan
f72r2	1	otedo*	otedol	HIGH	otedol;otedor;otedos
f72r2	1	ot**r	otair	AMBIGUOUS	otair;oteor;otear;otoar;otiir
f72r2	1	***	dar	AMBIGUOUS	dar;dal;qol;chy;sho
f72r2	1	ota**	otain	AMBIGUOUS	otain;otair;otaly;otary;otald
f72r2	1	chota**	chotain	HIGH	chotain;chotair;chotals;chotais
f72r2	1	ok***y	okeedy	AMBIGUOUS	okeedy;okeody;okchey;okeeey;okchdy
f72r2	1	***eol	qokeol	AMBIGUOUS	qokeol;okeeol;ycheol;sheeol;pcheol
f72r2	1	s**r	shor	AMBIGUOUS	shor;shar;sair;sher;soar
f72r2	1	*	s	AMBIGUOUS	s;y;r;o;l
f72r2	1	shok**	shokey	AMBIGUOUS	shokey;shokar;shokal;shokol;shokyd
f72r2	1	o***	okal	AMBIGUOUS	okal;otal;otar;okar;otol
f72r2	1	*al	dal	AMBIGUOUS	dal;sal;kal;tal;ral
f72r2	1	dalchd*	dalchdy	CERTAIN	dalchdy
f72r2	1	ot***s	oteeos	AMBIGUOUS	oteeos;otchos;oteeys;otches;oteees
f72r2	1	**s	ols	AMBIGUOUS	ols;chs;sos;ees;los
f72r2	1	*y	dy	AMBIGUOUS	dy;sy;ky;ty;ly
f72r2	1	alo*	alol	AMBIGUOUS	alol;alor;alom;alod;alos
f72r2	1	okaii*	okaiin	HIGH	okaiin;okaiir;okaiis
f72r3	1	****dy	qokedy	AMBIGUOUS	qokedy;lchedy;okeedy;qotedy;oteedy
f72r3	1	okeo*ar	okeodar	HIGH	okeodar;okeosar;okeorar;okeolar
f72r3	1	ch*	chy	AMBIGUOUS	chy;cho;chl;chs;chr
f72r3	1	ok**y	okeey	AMBIGUOUS	okeey;okedy;okchy;okaly;okody
f72r3	1	che*or	cheeor	HIGH	cheeor;chedor;cheyor;chekor;cheoor
f72r3	1	a*	ar	AMBIGUOUS	ar;al;am;an;as
f72r3	1	o*eolaiin	okeolaiin	CERTAIN	okeolaiin
f72r3	1	o*or***	otorchy	AMBIGUOUS	otorchy;oporody;otorain;okorory;oforain
f72r3	1	ot***	otedy	AMBIGUOUS	otedy;oteey;otain;otchy;oteol
f72r3	1	**	ol	AMBIGUOUS	ol;or;ar;dy;al
f72r3	1	**ar	otar	AMBIGUOUS	otar;okar;char;shar;ykar
f72r3	1	**ar	otar	AMBIGUOUS	otar;okar;char;shar;ykar
f72r3	1	**	ol	AMBIGUOUS	ol;or;ar;dy;al
f72r3	1	**r	dar	AMBIGUOUS	dar;sar;dor;air;kar
f72r3	1	**r	dar	AMBIGUOUS	dar;sar;dor;air;kar
f72r3	1	**	ol	AMBIGUOUS	ol;or;ar;dy;al
f72r3	1	***	dar	AMBIGUOUS	dar;dal;qol;chy;sho
f72r3	1	ch**	chol	AMBIGUOUS	chol;chey;chor;chdy;char
f72r3	1	***s	chos	AMBIGUOUS	chos;ches;shes;shos;eees
f72r3	1	o*	ol	AMBIGUOUS	ol;or;os;om;ot
f72r3	1	**	ol	AMBIGUOUS	ol;or;ar;dy;al
f72r3	1	**ol	chol	AMBIGUOUS	chol;shol;otol;okol;keol
f72r3	1	ch*ol	cheol	AMBIGUOUS	cheol;chtol;chkol;chool;chdol
f72r3	1	sh*	sho	AMBIGUOUS	sho;shy;she;shd;sha
f72r3	1	*oraii*	soraiin	AMBIGUOUS	soraiin;poraiin;doraiin;qoraiin;koraiin
f72r3	1	o*	ol	AMBIGUOUS	ol;or;os;om;ot
f72r3	1	*o*a	qoka	HIGH	qoka;qoda;dora;yoda;qota
f72r3	1	***dy	chedy	AMBIGUOUS	chedy;shedy;otedy;okedy;chody
f72r3	1	oto*	otol	AMBIGUOUS	otol;otor;otos;otoy;otod
f72r3	1	che**y	cheody	AMBIGUOUS	cheody;cheedy;cheeky;cheoky;cheeey
f72r3	1	*air	dair	AMBIGUOUS	dair;sair;kair;tair;rair
f72r3	1	*ain	dain	AMBIGUOUS	dain;sain;kain;rain;tain
f72r3	1	*	s	AMBIGUOUS	s;y;r;o;l
f72r3	1	kea*	keam	HIGH	keam;kear;keal
f72r3	1	*ar	dar	AMBIGUOUS	dar;sar;kar;tar;rar
f72r3	1	**	ol	AMBIGUOUS	ol;or;ar;dy;al
f72r3	1	o***	okal	AMBIGUOUS	okal;otal;otar;okar;otol
f72r3	1	ot**	otal	AMBIGUOUS	otal;otar;otol;otey;otam
f72r3	1	***	dar	AMBIGUOUS	dar;dal;qol;chy;sho
f72r3	1	ot**	otal	AMBIGUOUS	otal;otar;otol;otey;otam
f72r3	1	***	dar	AMBIGUOUS	dar;dal;qol;chy;sho
f72r3	1	o***	okal	AMBIGUOUS	okal;otal;otar;okar;otol
f72r3	1	ch***	chedy	AMBIGUOUS	chedy;cheey;cheol;cheor;chody
f72r3	1	ch*a*	chear	AMBIGUOUS	chear;cheal;chdar;chdal;chkal
f72r3	1	cheo*	cheol	AMBIGUOUS	cheol;cheor;cheos;cheom;cheod
f72r3	1	s*	sy	AMBIGUOUS	sy;sh;sa;so;sl
f72r3	1	chot*	choty	HIGH	choty;choto;chots;chote
f72r3	1	***	dar	AMBIGUOUS	dar;dal;qol;chy;sho
f72r3	1	o**	oty	AMBIGUOUS	oty;oky;oly;ody;ory
f72r3	1	***	dar	AMBIGUOUS	dar;dal;qol;chy;sho
f72r3	1	**	ol	AMBIGUOUS	ol;or;ar;dy;al
f72r3	5	***	dar	AMBIGUOUS	dar;dal;qol;chy;sho
f72r3	7	of**	ofar	AMBIGUOUS	ofar;ofal;ofor;ofol;ofyl
f72r3	7	***ly	okaly	AMBIGUOUS	okaly;otaly;choly;otoly;ykaly
f72r3	8	***ral	dairal	AMBIGUOUS	dairal;okaral;otaral;sairal;araral
f72r3	10	***r*	chory	AMBIGUOUS	chory;okary;otary;shory;chary
f72r3	1	ot**y	otedy	AMBIGUOUS	otedy;oteey;otchy;otaly;otody
f72r3	1	***	dar	AMBIGUOUS	dar;dal;qol;chy;sho
f72r3	1	***	dar	AMBIGUOUS	dar;dal;qol;chy;sho
f72r3	1	***	dar	AMBIGUOUS	dar;dal;qol;chy;sho
f72r3	1	o**d**	otedar	AMBIGUOUS	otedar;okedar;okedal;otedal;otodar
f72r3	1	*choty	dchoty	HIGH	dchoty;kchoty
f72r3	1	***	dar	AMBIGUOUS	dar;dal;qol;chy;sho
f72r3	1	sh**do	sheedo	CERTAIN	sheedo
f72r3	1	ch***	chedy	AMBIGUOUS	chedy;cheey;cheol;cheor;chody
f72r3	1	**r	dar	AMBIGUOUS	dar;sar;dor;air;kar
f72r3	1	**d*	chdy	AMBIGUOUS	chdy;tedy;kedy;shdy;oldy
f72r3	1	***y	chey	AMBIGUOUS	chey;shey;qoky;chdy;cthy
f72r3	1	oke***	okeedy	AMBIGUOUS	okeedy;okeody;okeeey;okeeol;okeeor
f72r3	1	**n	ain	AMBIGUOUS	ain;dan;oin;kan;san
f72r3	1	ola*	olar	HIGH	olar;olal;olam;olan;olas
f72r3	1	***	dar	AMBIGUOUS	dar;dal;qol;chy;sho
f72r3	1	***	dar	AMBIGUOUS	dar;dal;qol;chy;sho
f72r3	1	ot**o*	otchol	AMBIGUOUS	otchol;otchor;oteeol;oteeos;otalor
f72r3	1	a**	ain	AMBIGUOUS	ain;air;aly;ary;aim
f72r3	1	*tol	otol	HIGH	otol;ytol;atol;ctol;stol
f72v3	1	*eody	keody	HIGH	keody;teody;eeody;deody
f72v3	1	okol***	okolshy	AMBIGUOUS	okolshy;okolchy;okolaig;okolair;okolarm
f72v3	1	shokche**	shokcheey	HIGH	shokcheey;shokcheor
f72v3	1	ot*****ody	oteoteeody	CERTAIN	oteoteeody
f72v3	1	**okeey	chokeey	AMBIGUOUS	chokeey;shokeey;qeokeey;ekokeey;oqokeey
f72v3	1	okol*	okoly	HIGH	okoly;okols;okolo
f72v3	1	*keed*y	okeedey	CERTAIN	okeedey
f72v3	1	ch*r	chor	HIGH	chor;char;cher;chlr
f72v3	1	da**n	daiin	AMBIGUOUS	daiin;darin;dakan;daein;daran
f72v3	1	***	dar	AMBIGUOUS	dar;dal;qol;chy;sho
f72v3	1	sh*cthy	shecthy	HIGH	shecthy;shocthy
f72v3	1	okeal*	okealy	HIGH	okealy;okeals
f72v3	2	o**am	olkam	AMBIGUOUS	olkam;oldam;okeam;oaram;oltam
f72v3	8	**y	chy	AMBIGUOUS	chy;oty;shy;oky;oly
f72v3	14	deey*	deeyl	CERTAIN	deeyl
f72v3	15	cheal**	chealor	HIGH	chealor;chealol;chealdy
f72v3	1	**eody	cheody	AMBIGUOUS	cheody;sheody;okeody;oteody;ykeody
f72v3	1	ok****	okaiin	AMBIGUOUS	okaiin;okeedy;okeody;okchey;okeeey
f72v3	1	*t***	otedy	AMBIGUOUS	otedy;oteey;otain;cthol;cthey
f72v3	1	***	dar	AMBIGUOUS	dar;dal;qol;chy;sho
f72v3	1	***	dar	AMBIGUOUS	dar;dal;qol;chy;sho
f72v3	1	***	dar	AMBIGUOUS	dar;dal;qol;chy;sho
f72v3	1	**eeody	okeeody	AMBIGUOUS	okeeody;ykeeody;oteeody;cheeody;yteeody
f72v3	1	***	dar	AMBIGUOUS	dar;dal;qol;chy;sho
f72v3	1	*t***	otedy	AMBIGUOUS	otedy;oteey;otain;cthol;cthey
f72v3	1	*	s	AMBIGUOUS	s;y;r;o;l
f72v3	11	of*l	ofal	HIGH	ofal;ofol;ofyl
f72v3	12	ot*ly	otaly	HIGH	otaly;otoly;otyly;otely
f72v2	1	cth***s	ctheees	HIGH	ctheees;cthorys;ctheyds;cthsees;cthodys
f72v2	1	otoch**	otochor	CERTAIN	otochor
f72v2	1	cth**l	ctheol	HIGH	ctheol;ctheil
f72v2	1	d****	daiin	AMBIGUOUS	daiin;dchor;dchol;daiir;dchey
f72v2	1	o*chod	otchod	HIGH	otchod;okchod;olchod;opchod
f72v2	1	*****	daiin	AMBIGUOUS	daiin;chedy;shedy;qokal;saiin
f72v2	1	****	aiin	AMBIGUOUS	aiin;chol;chey;shey;chor
f72v2	1	****	aiin	AMBIGUOUS	aiin;chol;chey;shey;chor
f72v2	1	****	aiin	AMBIGUOUS	aiin;chol;chey;shey;chor
f72v2	1	****	aiin	AMBIGUOUS	aiin;chol;chey;shey;chor
f72v2	1	****ly	qokaly	AMBIGUOUS	qokaly;qotaly;okeoly;chealy;ctholy
f72v2	1	sheeo*y	sheeody	HIGH	sheeody;sheeoly
f72v2	4	a*m	aim	HIGH	aim;alm;amm;arm;aam
f72v2	8	***	dar	AMBIGUOUS	dar;dal;qol;chy;sho
f72v2	9	sh***ky	sheeeky	HIGH	sheeeky;sheoeky;shoqoky;sheseky;shdalky
f72v2	11	s*	sy	AMBIGUOUS	sy;sh;sa;so;sl
f72v2	1	sheot*	sheoty	CERTAIN	sheoty
f72v2	1	sheot*	sheoty	CERTAIN	sheoty
f72v2	8	sh*s	shes	HIGH	shes;shos;shns
f72v2	1	*t****	otaiin	AMBIGUOUS	otaiin;oteedy;ytaiin;otchey;oteody
f72v1	1	sh*etey	sheetey	CERTAIN	sheetey
f72v1	1	***	dar	AMBIGUOUS	dar;dal;qol;chy;sho
f72v1	1	**lor	dalor	AMBIGUOUS	dalor;dolor;folor;polor;solor
f72v1	1	sh*key	shekey	HIGH	shekey;shokey;shckey
f72v1	1	okched**y	okchedyly	CERTAIN	okchedyly
f72v1	1	chd**	chdar	AMBIGUOUS	chdar;chdal;chdam;chdor;chdol
f72v1	1	*r	or	AMBIGUOUS	or;ar;lr;dr;yr
f72v1	1	ch*shydy	choshydy	CERTAIN	choshydy
f72v1	1	ot**	otal	AMBIGUOUS	otal;otar;otol;otey;otam
f72v1	1	***	dar	AMBIGUOUS	dar;dal;qol;chy;sho
f72v1	1	***	dar	AMBIGUOUS	dar;dal;qol;chy;sho
f72v1	1	***	dar	AMBIGUOUS	dar;dal;qol;chy;sho
f72v1	1	***	dar	AMBIGUOUS	dar;dal;qol;chy;sho
f72v1	9	o*al	okal	AMBIGUOUS	okal;otal;odal;opal;oral
f72v1	1	oka*	okal	AMBIGUOUS	okal;okar;okam;okan;okay
f72v1	1	op**r	opair	HIGH	opair;opdar;opoar
f72v1	1	t**r	tair	HIGH	tair;teor;toar;tear;taor
f72v1	1	*	s	AMBIGUOUS	s;y;r;o;l
f73r	1	**sh*y	olshey	AMBIGUOUS	olshey;okshey;otshey;olshdy;otshdy
f73r	1	****	aiin	AMBIGUOUS	aiin;chol;chey;shey;chor
f73r	1	**ch**s	odchees	AMBIGUOUS	odchees;olcheos;opchees;orcheos;lpchees
f73r	1	ch**y	chedy	AMBIGUOUS	chedy;cheey;chody;cheky;choty
f73r	16	ykeo*	ykeol	HIGH	ykeol;ykeor;ykeos;ykeod
f73r	1	okeo*	okeol	AMBIGUOUS	okeol;okeor;okeos;okeod;okeom
f73r	1	***s	chos	AMBIGUOUS	chos;ches;shes;shos;eees
f73v	1	*d	od	AMBIGUOUS	od;ld;yd;ed;dd
f73v	1	dy*	dys	HIGH	dys;dym;dyl
f73v	6	o*als	olals	HIGH	olals;otals;okals;opals;ofals
f73v	15	ykeeo*	ykeeol	HIGH	ykeeol;ykeeor;ykeeos;ykeeod;ykeeoy
f73v	7	okeed*	okeedy	CERTAIN	okeedy
f75r	11	qoke*dy	qokeedy	HIGH	qokeedy;qokeody;qokesdy;qokehdy
f75r	16	ch*	chy	AMBIGUOUS	chy;cho;chl;chs;chr
f75r	20	*eey	keey	AMBIGUOUS	keey;teey;deey;oeey;qeey
f75r	22	*ey	key	AMBIGUOUS	key;tey;eey;dey;qey
f75r	23	*shey	lshey	AMBIGUOUS	lshey;yshey;dshey;kshey;tshey
f75r	29	*ain	dain	AMBIGUOUS	dain;sain;kain;rain;tain
f75r	31	qoke*	qokey	AMBIGUOUS	qokey;qoked;qokeo;qokes;qoker
f75r	32	*edy	tedy	AMBIGUOUS	tedy;kedy;eedy;dedy;oedy
f75r	36	qok*	qoky	AMBIGUOUS	qoky;qokl;qoko;qokg;qokd
f75r	41	*	s	AMBIGUOUS	s;y;r;o;l
f75v	10	*	s	AMBIGUOUS	s;y;r;o;l
f75v	10	*	s	AMBIGUOUS	s;y;r;o;l
f75v	21	olshe*y	olshedy	HIGH	olshedy;olsheey
f75v	28	*shey	lshey	AMBIGUOUS	lshey;yshey;dshey;kshey;tshey
f76r	1	*sy	asy	HIGH	asy;dsy;osy
f76r	28	*	s	AMBIGUOUS	s;y;r;o;l
f76r	41	c*	ch	HIGH	ch;cs;cy;co;ci
f76v	20	oiiin*	oiiiny	CERTAIN	oiiiny
f76v	23	olche*in	olcheain	CERTAIN	olcheain
f76v	27	ka*	kar	HIGH	kar;kal;kam;kan;kas
f76v	37	chee*	cheey	AMBIGUOUS	cheey;chees;cheeo;cheen;cheed
f77r	4	oto*	otol	AMBIGUOUS	otol;otor;otos;otoy;otod
f77r	25	**iiin	daiiin	AMBIGUOUS	daiiin;soiiin;qoiiin;doiiin;kaiiin
f77r	32	ee*dy	eeedy	HIGH	eeedy;eeody
f77v	5	okal*	okaly	HIGH	okaly;okalo;okald;okals;okala
f77v	36	ldche*	ldchey	CERTAIN	ldchey
f78r	26	po*ain	pokain	HIGH	pokain;porain
f78r	35	she*	shey	AMBIGUOUS	shey;sheo;shed;shes;shek
f79r	1	*chor	dchor	AMBIGUOUS	dchor;kchor;tchor;ychor;pchor
f79r	4	she**	shedy	AMBIGUOUS	shedy;sheey;sheol;sheor;sheky
f79r	12	*dain	odain	HIGH	odain;ydain;ldain;tdain
f79r	27	o*y	oty	AMBIGUOUS	oty;oky;oly;ody;ory
f79r	32	che**	chedy	AMBIGUOUS	chedy;cheey;cheol;cheor;cheky
f79r	42	oka*o	okalo	HIGH	okalo;okaro
f79v	19	yka*l	ykail	CERTAIN	ykail
f79v	26	o**y	okey	AMBIGUOUS	okey;otey;oldy;olky;ochy
f79v	26	o***	okal	AMBIGUOUS	okal;otal;otar;okar;otol
f79v	38	da*	dar	AMBIGUOUS	dar;dal;dam;dan;das
f80r	1	**ary	okary	AMBIGUOUS	okary;otary;chary;opary;orary
f80r	6	*altar	saltar	CERTAIN	saltar
f80r	26	qe*ain	qetain	CERTAIN	qetain
f80r	35	qoka*	qokal	AMBIGUOUS	qokal;qokar;qokam;qokan;qokas
f80r	35	qoka*	qokal	AMBIGUOUS	qokal;qokar;qokam;qokan;qokas
f80r	35	qoka*	qokal	AMBIGUOUS	qokal;qokar;qokam;qokan;qokas
f80r	36	che*y	chedy	AMBIGUOUS	chedy;cheey;cheky;chety;chepy
f80r	38	qot*	qoty	HIGH	qoty;qoto;qotl;qotd;qota
f80r	38	qot*	qoty	HIGH	qoty;qoto;qotl;qotd;qota
f81r	14	o*edy	otedy	HIGH	otedy;okedy;oeedy;oredy;ofedy
f81v	2	k**	kar	AMBIGUOUS	kar;kol;kal;kor;key
f81v	9	da*dy	daldy	HIGH	daldy;dardy;daidy;daedy
f81v	11	*shey	lshey	AMBIGUOUS	lshey;yshey;dshey;kshey;tshey
f81v	27	o**	oty	AMBIGUOUS	oty;oky;oly;ody;ory
f82r	24	qo*edy	qokedy	HIGH	qokedy;qotedy;qoeedy;qoredy;qopedy
f82v	10	sh*ey	sheey	HIGH	sheey;shtey;shkey;shoey
f83r	10	che*	chey	AMBIGUOUS	chey;cheo;ches;ched;chep
f83r	16	chea*ror	chealror	CERTAIN	chealror
f83r	29	k***	kedy	AMBIGUOUS	kedy;keey;kain;kchy;keol
f83r	30	saiin*	saiiny	HIGH	saiiny;saiino
f83r	32	*cheol	ycheol	AMBIGUOUS	ycheol;pcheol;dcheol;lcheol;kcheol
f83r	32	*cheol	ycheol	AMBIGUOUS	ycheol;pcheol;dcheol;lcheol;kcheol
f83r	42	*chedy	lchedy	AMBIGUOUS	lchedy;pchedy;tchedy;dchedy;kchedy
f83r	42	*chedy	lchedy	AMBIGUOUS	lchedy;pchedy;tchedy;dchedy;kchedy
f83r	43	qot*	qoty	HIGH	qoty;qoto;qotl;qotd;qota
f83v	6	**s	ols	AMBIGUOUS	ols;chs;sos;ees;los
f84r	4	o*l	odl	AMBIGUOUS	odl;oal;oll;otl;ool
f84r	10	qotch*dy	qotchedy	HIGH	qotchedy;qotchody;qotchsdy
f84r	15	*chedy	lchedy	AMBIGUOUS	lchedy;pchedy;tchedy;dchedy;kchedy
f84v	25	*	s	AMBIGUOUS	s;y;r;o;l
f84v	33	*olokeedy	tolokeedy	CERTAIN	tolokeedy
f85r2	1	lkech*	lkechy	CERTAIN	lkechy
f85r2	1	***	dar	AMBIGUOUS	dar;dal;qol;chy;sho
f85r2	1	ot***	otedy	AMBIGUOUS	otedy;oteey;otain;otchy;oteol
f85r2	1	**cthy	chcthy	AMBIGUOUS	chcthy;shcthy;qocthy;tocthy;racthy
f85r2	1	o*aiin	okaiin	AMBIGUOUS	okaiin;otaiin;odaiin;olaiin;oraiin
f85r2	1	***	dar	AMBIGUOUS	dar;dal;qol;chy;sho
f85r2	1	ot**l*	oteoly	HIGH	oteoly;otaily;oteold;otdoly
f85r2	1	**r	dar	AMBIGUOUS	dar;sar;dor;air;kar
f85r2	1	*****	daiin	AMBIGUOUS	daiin;chedy;shedy;qokal;saiin
f85r2	1	******	qokedy	AMBIGUOUS	qokedy;qokeey;okaiin;qokain;otaiin
f85r2	1	*******n	chodaiin	AMBIGUOUS	chodaiin;chedaiin;shodaiin;chokaiin;shedaiin
f85r2	1	*	s	AMBIGUOUS	s;y;r;o;l
f85r2	1	***	dar	AMBIGUOUS	dar;dal;qol;chy;sho
f85r2	1	**dy	chdy	AMBIGUOUS	chdy;tedy;kedy;shdy;oldy
f85r2	1	*sy	asy	HIGH	asy;dsy;osy
f85r2	2	**d***dy	chdyshdy	HIGH	chdyshdy;podshedy;shdytody
f85r2	2	*odain	qodain	HIGH	qodain;todain;kodain;rodain
f85r2	3	******n	qokaiin	AMBIGUOUS	qokaiin;qotaiin;olkaiin;qodaiin;chkaiin
f85r2	4	**keody	qokeody	AMBIGUOUS	qokeody;oekeody;olkeody;shkeody;chkeody
f85r2	4	**ckhdy	chckhdy	HIGH	chckhdy;shckhdy;qockhdy
f85r2	5	*lor	olor	AMBIGUOUS	olor;alor;ylor;llor;dlor
f85r2	5a	lch*al	lcheal	HIGH	lcheal;lchdal
f85r2	12	olo*or	ololor	CERTAIN	ololor
f85r2	18	ch*s	chos	AMBIGUOUS	chos;ches;chls;chas;chds
f85r2	19	yp*hedy	ypchedy	HIGH	ypchedy;ypshedy
f86v4	1	pch*dar	pchedar	HIGH	pchedar;pchodar
f86v4	1	*pchedy	opchedy	AMBIGUOUS	opchedy;ypchedy;lpchedy;qpchedy;dpchedy
f86v4	2	o*daiin	oldaiin	HIGH	oldaiin;opdaiin;ordaiin;oedaiin
f86v4	2	*eeey	keeey	AMBIGUOUS	keeey;oeeey;qeeey;deeey;seeey
f86v4	2	***n	aiin	AMBIGUOUS	aiin;dain;sain;kain;oiin
f86v6	1	q*	qo	HIGH	qo;qy;qa;qe
f86v6	22	t*y	tey	HIGH	tey;toy;tay
f85v2	1	***in	daiin	AMBIGUOUS	daiin;saiin;okain;kaiin;raiin
f85v2	1	**r	dar	AMBIGUOUS	dar;sar;dor;air;kar
f85v2	2	***dair	pchdair	AMBIGUOUS	pchdair;chodair;otedair;shedair;poedair
f85v2	3	***kam	chokam	AMBIGUOUS	chokam;shekam;chekam;solkam;daikam
f85v2	4	***rchedy	kairchedy	HIGH	kairchedy;okarchedy
f85v2	5	***dy	chedy	AMBIGUOUS	chedy;shedy;otedy;okedy;chody
f85v2	6	*chshy	pchshy	CERTAIN	pchshy
f85v2	6	o***	okal	AMBIGUOUS	okal;otal;otar;okar;otol
f85v2	7	*chor	dchor	AMBIGUOUS	dchor;kchor;tchor;ychor;pchor
f85v2	8	*sair	ysair	HIGH	ysair;lsair
f85v2	1	*aii*	daiin	AMBIGUOUS	daiin;saiin;kaiin;raiin;taiin
f85v2	1	oked*	okedy	CERTAIN	okedy
f85v2	1	*shaiin	oshaiin	HIGH	oshaiin;tshaiin;kshaiin
f85v2	23	d*sschx	ddsschx	CERTAIN	ddsschx
f85v2	25	yt*dar	ytedar	CERTAIN	ytedar
f85v2	1	ala*	alam	HIGH	alam;alar;alal
f85v2	1	olka*	olkar	HIGH	olkar;olkal;olkam;olkao
f85v2	1	k***	kedy	AMBIGUOUS	kedy;keey;kain;kchy;keol
f85v2	1	okche*	okchey	HIGH	okchey;okcheo;okches;okched
f85v2	1	***	dar	AMBIGUOUS	dar;dal;qol;chy;sho
f85v2	1	***	dar	AMBIGUOUS	dar;dal;qol;chy;sho
f85v2	1	o**l	okal	AMBIGUOUS	okal;otal;otol;okol;olol
f85v2	1	**	ol	AMBIGUOUS	ol;or;ar;dy;al
f85v2	1	**	ol	AMBIGUOUS	ol;or;ar;dy;al
f85v2	1	**y	chy	AMBIGUOUS	chy;oty;shy;oky;oly
f85v2	21	oto**	otody	AMBIGUOUS	otody;otoly;otoky;otory;otoar
f85v2	1	**eor	cheor	AMBIGUOUS	cheor;sheor;okeor;oteor;keeor
f85v2	1	*ar	dar	AMBIGUOUS	dar;sar;kar;tar;rar
f85v2	1	oked*	okedy	CERTAIN	okedy
f85v2	1	ch*y	chey	AMBIGUOUS	chey;chdy;chky;chty;choy
f85v2	1	**olaiin	cholaiin	AMBIGUOUS	cholaiin;ykolaiin;yfolaiin;okolaiin;sholaiin
f85v2	3	*t**dy	oteedy	AMBIGUOUS	oteedy;oteody;otchdy;yteedy;cthody
f85v2	1	o*	ol	AMBIGUOUS	ol;or;os;om;ot
f85v2	1	okch*	okchy	AMBIGUOUS	okchy;okcho;okchd;okche;okchr
f85v2	1	***	dar	AMBIGUOUS	dar;dal;qol;chy;sho
f85v2	1	**	ol	AMBIGUOUS	ol;or;ar;dy;al
f85v2	1	o*	ol	AMBIGUOUS	ol;or;os;om;ot
f85v2	1	sh*a	shea	HIGH	shea;shka;shda
f85v2	1	*	s	AMBIGUOUS	s;y;r;o;l
f85v2	1	oteedaii*	oteedaiin	CERTAIN	oteedaiin
f85v2	1	a*r	air	HIGH	air;alr;aor
f85v2	1	*	s	AMBIGUOUS	s;y;r;o;l
f85v2	1	qota*	qotal	AMBIGUOUS	qotal;qotar;qotam;qotas;qotan
f85v2	1	okeeed*	okeeedy	CERTAIN	okeeedy
f85v2	1	**	ol	AMBIGUOUS	ol;or;ar;dy;al
f85v2	17	*py	opy	HIGH	opy;apy;cpy;dpy
f85v2	54	d*	dy	AMBIGUOUS	dy;dl;do;da;dm
f85v2	55	opch**aiin	opchedaiin	HIGH	opchedaiin;opchekaiin;opcharaiin;opchesaiin
f85v2	7	lo**edy	lokeedy	HIGH	lokeedy;lochedy;lolkedy;loltedy
f85v2	14	ote*y	otedy	HIGH	otedy;oteey;oteoy;otery;otely
f85v2	42	otch*	otchy	AMBIGUOUS	otchy;otcho;otchm;otchl;otchs
f85v2	1	*ar	dar	AMBIGUOUS	dar;sar;kar;tar;rar
f85v2	2	*	s	AMBIGUOUS	s;y;r;o;l
f85v2	5	*kedy	okedy	AMBIGUOUS	okedy;lkedy;ykedy;dkedy;ekedy
f85v2	7	ok**lar	okealar	HIGH	okealar;okeolar
f85v2	9	**	ol	AMBIGUOUS	ol;or;ar;dy;al
f86v5	26	tara*	taral	HIGH	taral;tarar;taram
f86v3	8	ot*y	otey	AMBIGUOUS	otey;otdy;otoy;otly;otqy
f86v3	3	y*chedy	ypchedy	AMBIGUOUS	ypchedy;ytchedy;ykchedy;yfchedy;yochedy
f86v3	1	e*ol	eeol	HIGH	eeol;ekol
f86v3	2	qota**or	qotaiior	CERTAIN	qotaiior
f86v3	3	*s	os	AMBIGUOUS	os;ls;as;ds;es
f88r	3	*ara	kara	HIGH	kara;dara
f88r	6	otyd*	otydy	HIGH	otydy;otyda;otyds;otydm;otydd
f88r	14	*chos	kchos	AMBIGUOUS	kchos;tchos;dchos;schos;ychos
f89r1	2	qok*ody	qokeody	CERTAIN	qokeody
f89r1	4	**	ol	AMBIGUOUS	ol;or;ar;dy;al
f89r1	4	**	ol	AMBIGUOUS	ol;or;ar;dy;al
f89r1	9	a*	ar	AMBIGUOUS	ar;al;am;an;as
f89r1	10	*oaithy	qoaithy	CERTAIN	qoaithy
f89r1	13	ch*ad	chead	CERTAIN	chead
f89r2	1	qo*r	qoar	HIGH	qoar;qoor;qolr
f89r2	1	d*y	ddy	AMBIGUOUS	ddy;dey;dly;dky;day
f89r2	1	qockh*y	qockhey	HIGH	qockhey;qockhdy;qockhoy;qockhhy
f89r2	2	ch*odal	cheodal	HIGH	cheodal;chkodal
f89r2	2	*	s	AMBIGUOUS	s;y;r;o;l
f89r2	2	ckh*ol	ckheol	CERTAIN	ckheol
f89r2	3	qok**y	qokedy	AMBIGUOUS	qokedy;qokeey;qokchy;qokaly;qokody
f89r2	3	**	ol	AMBIGUOUS	ol;or;ar;dy;al
f89r2	3	qok**y	qokedy	AMBIGUOUS	qokedy;qokeey;qokchy;qokaly;qokody
f89r2	4	sheo*	sheol	AMBIGUOUS	sheol;sheor;sheos;sheod;sheoy
f89r2	4	sho*	shol	AMBIGUOUS	shol;shor;shod;shos;shok
f89r2	4	ot*ol	oteol	HIGH	oteol;otlol;otyol
f89r2	4	*eol	keol	AMBIGUOUS	keol;teol;eeol;deol;qeol
f89r2	8	sho*dy	sholdy	HIGH	sholdy;shordy
f89r2	9	okee**	okeedy	AMBIGUOUS	okeedy;okeeey;okeeol;okeeor;okeeos
f89r2	9	ykeoa*	ykeoay	CERTAIN	ykeoay
f89r2	10	k*	ky	HIGH	ky;ko;ka;kl;ke
f89r2	10	che**	chedy	AMBIGUOUS	chedy;cheey;cheol;cheor;cheky
f89r2	12	daii*	daiin	AMBIGUOUS	daiin;daiir;daiim;daiis;daiil
f89v2	1	ok**l	okeol	HIGH	okeol;okeal;okail;okool
f89v2	5	cho*a*	chodar	AMBIGUOUS	chodar;chotar;chotal;chokal;chodal
f89v2	1	chot*	choty	HIGH	choty;choto;chots;chote
f89v2	1	*y	dy	AMBIGUOUS	dy;sy;ky;ty;ly
f89v2	1	*aiin	daiin	AMBIGUOUS	daiin;saiin;kaiin;raiin;taiin
f89v2	1	da*	dar	AMBIGUOUS	dar;dal;dam;dan;das
f89v2	2	otee*	oteey	AMBIGUOUS	oteey;oteeo;otees;oteed;oteem
f89v2	2	**oy	choy	AMBIGUOUS	choy;shoy;okoy;otoy;ytoy
f89v2	2	da***	daiin	AMBIGUOUS	daiin;daiir;daldy;daram;dalol
f89v2	2	*kodair	ykodair	CERTAIN	ykodair
f89v2	3	qo*l	qokl	HIGH	qokl;qoal;qool;qotl
f89v2	3	y***	ykar	AMBIGUOUS	ykar;ytar;ytal;ykal;ytol
f89v2	3	ok*y	okey	HIGH	okey;okoy;okay;okdy
f89v2	3	ch**	chol	AMBIGUOUS	chol;chey;chor;chdy;char
f89v2	3	ch*y	chey	AMBIGUOUS	chey;chdy;chky;chty;choy
f89v2	4	**	ol	AMBIGUOUS	ol;or;ar;dy;al
f89v2	5	****	aiin	AMBIGUOUS	aiin;chol;chey;shey;chor
f89v2	5	*air	dair	AMBIGUOUS	dair;sair;kair;tair;rair
f89v2	5	chod**	chodar	AMBIGUOUS	chodar;chodal;chodey;chodam;chodol
f89v2	6	*ain	dain	AMBIGUOUS	dain;sain;kain;rain;tain
f89v2	6	**	ol	AMBIGUOUS	ol;or;ar;dy;al
f89v2	6	ok*s	okos	HIGH	okos;okas;okes
f89v2	6	***iin	okaiin	AMBIGUOUS	okaiin;otaiin;odaiin;olaiin;lkaiin
f89v2	6	ak**dy	akeedy	CERTAIN	akeedy
f89v2	6	ot*l	otal	HIGH	otal;otol;otyl
f89v2	6	*iin	aiin	AMBIGUOUS	aiin;oiin;diin;iiin;yiin
f89v2	7	y*eo	ykeo	HIGH	ykeo;yteo
f89v2	7	y*ey	ytey	HIGH	ytey;ykey;ydey
f89v2	7	***	dar	AMBIGUOUS	dar;dal;qol;chy;sho
f89v2	7	fo*	fol	HIGH	fol;for;fos
f89v2	7	da*	dar	AMBIGUOUS	dar;dal;dam;dan;das
f89v2	7	da*	dar	AMBIGUOUS	dar;dal;dam;dan;das
f89v2	8	*eey	keey	AMBIGUOUS	keey;teey;deey;oeey;qeey
f89v2	8	**y	chy	AMBIGUOUS	chy;oty;shy;oky;oly
f89v2	8	a**	ain	AMBIGUOUS	ain;air;aly;ary;aim
f89v2	8	*oeeas	poeeas	CERTAIN	poeeas
f89v2	8	**ey	chey	AMBIGUOUS	chey;shey;okey;otey;keey
f89v2	9	doefsh*y	doefshey	CERTAIN	doefshey
f89v2	9	sh*y	shey	AMBIGUOUS	shey;shdy;shky;shty;shoy
f89v2	10	e*ey	eeey	HIGH	eeey;ekey;etey
f89v2	10	da*keody	daikeody	CERTAIN	daikeody
f89v2	10	*okorar	qokorar	CERTAIN	qokorar
f89v2	12	cho***	choiin	AMBIGUOUS	choiin;chodar;chotar;choldy;chotey
f89v2	12	****	aiin	AMBIGUOUS	aiin;chol;chey;shey;chor
f89v2	12	*eey	keey	AMBIGUOUS	keey;teey;deey;oeey;qeey
f89v2	12	chockh*	chockhy	CERTAIN	chockhy
f89v2	13	*r	or	AMBIGUOUS	or;ar;lr;dr;yr
f89v2	13	**ee	shee	AMBIGUOUS	shee;chee;doee;aree;okee
f89v2	13	***ee	yshee	AMBIGUOUS	yshee;olkee;lshee;fchee;dchee
f89v2	2	*t**y	otedy	AMBIGUOUS	otedy;oteey;cthey;otchy;ytedy
f89v2	3a	*ds**o	odsheo	CERTAIN	odsheo
f89v2	3b	r**y	rary	AMBIGUOUS	rary;rchy;raly;rody;rory
f89v2	3b	sa**y	sairy	HIGH	sairy;saldy;sachy;sandy;salcy
f89v1	5	toch*o	tochso	HIGH	tochso;tocheo;tochoo
f89v1	5	qoko**	qokody	AMBIGUOUS	qokody;qokopy;qokoin;qokool;qokoly
f89v1	5	d**	dar	AMBIGUOUS	dar;dal;dol;dam;dor
f89v1	7	qoka*	qokal	AMBIGUOUS	qokal;qokar;qokam;qokan;qokas
f89v1	11	dch**y	dchedy	AMBIGUOUS	dchedy;dcheey;dchchy;dchody;dchyky
f89v1	12	*okaiin	qokaiin	AMBIGUOUS	qokaiin;kokaiin;lokaiin;sokaiin;yokaiin
f89v1	12	dal*	daly	AMBIGUOUS	daly;dals;dalo;dala;dalr
f90r1	6	qok*or	qokeor	HIGH	qokeor;qokoor
f90r2	1	to*alchs	toealchs	CERTAIN	toealchs
f90r2	1	qo*keey	qolkeey	HIGH	qolkeey;qoekeey;qoykeey;qoikeey;qodkeey
f90v2	1	s*	sy	AMBIGUOUS	sy;sh;sa;so;sl
f90v2	1	r*	ry	AMBIGUOUS	ry;ro;rl;rd;rn
f90v2	2	qok*as	qokeas	CERTAIN	qokeas
f90v2	2	podch*y	podchey	CERTAIN	podchey
f90v2	2	o*	ol	AMBIGUOUS	ol;or;os;om;ot
f90v1	1	shckhe**	shckhedy	HIGH	shckhedy;shckhefy;shckheol;shckheey
f90v1	8	ch**	chol	AMBIGUOUS	chol;chey;chor;chdy;char
f90v1	9	ar*	ary	AMBIGUOUS	ary;arl;aro;are;arg
f90v1	9	ar**	aral	AMBIGUOUS	aral;arol;aram;arar;aror
f93r	2	sheo*	sheol	AMBIGUOUS	sheol;sheor;sheos;sheod;sheoy
f93r	8	lo*sheeody	lorsheeody	CERTAIN	lorsheeody
f93r	9	cth**	cthol	AMBIGUOUS	cthol;cthey;cthor;cthar;cthom
f93r	10	ch***	chedy	AMBIGUOUS	chedy;cheey;cheol;cheor;chody
f93r	11	she*	shey	AMBIGUOUS	shey;sheo;shed;shes;shek
f93r	12	ch**dom	chordom	CERTAIN	chordom
f93r	14	otch*or	otcheor	CERTAIN	otcheor
f93r	14	ch*	chy	AMBIGUOUS	chy;cho;chl;chs;chr
f93r	15	*chol	dchol	AMBIGUOUS	dchol;kchol;tchol;ychol;pchol
f93r	17	*ch	lch	HIGH	lch;tch;rch
f93r	25	ch**	chol	AMBIGUOUS	chol;chey;chor;chdy;char
f93v	6	ytch*l	ytchol	CERTAIN	ytchol
f94v	11	*dy	ody	AMBIGUOUS	ody;ldy;ydy;ddy;ady
f95v1	1	alfshe*	alfshed	CERTAIN	alfshed
f96r	7	o*	ol	AMBIGUOUS	ol;or;os;om;ot
f96r	11	*aiin	daiin	AMBIGUOUS	daiin;saiin;kaiin;raiin;taiin
f96v	3	ytch*y	ytchey	HIGH	ytchey;ytchdy;ytchoy;ytchpy
f99r	4	***	dar	AMBIGUOUS	dar;dal;qol;chy;sho
f99r	2	*oeol	qoeol	CERTAIN	qoeol
f99r	0	***arch*	scharchy	HIGH	scharchy;porarchy
f99r	0	***ol**	cheoldy	AMBIGUOUS	cheoldy;qokoldy;sheoldy;chkoldy;cpholdy
f99r	17	**aiin	okaiin	AMBIGUOUS	okaiin;otaiin;odaiin;olaiin;lkaiin
f99r	17	she*y	shedy	AMBIGUOUS	shedy;sheey;sheky;shety;sheoy
f99v	0	*******	qokaiin	AMBIGUOUS	qokaiin;qokeedy;qotaiin;qoteedy;qokchdy
f99v	0	********	chodaiin	AMBIGUOUS	chodaiin;chedaiin;qokchedy;qopchedy;shodaiin
f99v	0	********	chodaiin	AMBIGUOUS	chodaiin;chedaiin;qokchedy;qopchedy;shodaiin
f99v	10	okala*	okalal	HIGH	okalal;okalar;okalam
f99v	12	oka*	okal	AMBIGUOUS	okal;okar;okam;okan;okay
f99v	0	******	qokedy	AMBIGUOUS	qokedy;qokeey;okaiin;qokain;otaiin
f100r	1	***	dar	AMBIGUOUS	dar;dal;qol;chy;sho
f100r	1	*oto	qoto	CERTAIN	qoto
f100r	1	ch*eos	cheeos	HIGH	cheeos;chteos;chqeos
f101r1	7	*y	dy	AMBIGUOUS	dy;sy;ky;ty;ly
f101r1	10	o**	oty	AMBIGUOUS	oty;oky;oly;ody;ory
f101r1	10	a*oly	aloly	HIGH	aloly;aroly
f101v2	0	***	dar	AMBIGUOUS	dar;dal;qol;chy;sho
f101v2	1	*******	qokaiin	AMBIGUOUS	qokaiin;qokeedy;qotaiin;qoteedy;qokchdy
f101v2	2	***ldy	okaldy	AMBIGUOUS	okaldy;otoldy;choldy;sholdy;otaldy
f101v2	4	yt*	yty	HIGH	yty;yto;yta
f101v2	6	****	aiin	AMBIGUOUS	aiin;chol;chey;shey;chor
f101v2	7	ot****	otaiin	AMBIGUOUS	otaiin;oteedy;otchey;oteody;otchol
f101v2	8	**ol*	choly	AMBIGUOUS	choly;otoly;chols;sholy;okoly
f101v2	4	or*	ory	AMBIGUOUS	ory;oro;ore;org;ors
f101v2	4	or*	ory	AMBIGUOUS	ory;oro;ore;org;ors
f101v2	1	**l**	daldy	AMBIGUOUS	daldy;dalol;dalor;dalam;koldy
f101v2	1	oto***	otoldy	AMBIGUOUS	otoldy;otodar;otoiin;otolor;otodal
f101v2	1	***kcho	chokcho	HIGH	chokcho;otokcho
f101v2	1	***	dar	AMBIGUOUS	dar;dal;qol;chy;sho
f101v2	1	***	dar	AMBIGUOUS	dar;dal;qol;chy;sho
f101v2	1	***	dar	AMBIGUOUS	dar;dal;qol;chy;sho
f101v2	1	***y	chey	AMBIGUOUS	chey;shey;qoky;chdy;cthy
f101v2	1a	***ol	cheol	AMBIGUOUS	cheol;sheol;qokol;cthol;okeol
f101v2	1a	***	dar	AMBIGUOUS	dar;dal;qol;chy;sho
f101v2	1a	***ol	cheol	AMBIGUOUS	cheol;sheol;qokol;cthol;okeol
f101v2	1a	*o	qo	AMBIGUOUS	qo;lo;do;ro;so
f101v2	1a	***	dar	AMBIGUOUS	dar;dal;qol;chy;sho
f101v2	1a	***ol	cheol	AMBIGUOUS	cheol;sheol;qokol;cthol;okeol
f101v2	2	***eocthy	cpheocthy	HIGH	cpheocthy;okeeocthy
f101v2	2	***	dar	AMBIGUOUS	dar;dal;qol;chy;sho
f101v2	2	***eocthy	cpheocthy	HIGH	cpheocthy;okeeocthy
f101v2	2	ch*do	chodo	HIGH	chodo;chedo
f101v2	2	***	dar	AMBIGUOUS	dar;dal;qol;chy;sho
f101v2	2	***eocthy	cpheocthy	HIGH	cpheocthy;okeeocthy
f101v2	3	***	dar	AMBIGUOUS	dar;dal;qol;chy;sho
f101v2	3	***	dar	AMBIGUOUS	dar;dal;qol;chy;sho
f101v2	3	tola*r	tolair	CERTAIN	tolair
f101v2	3	*sh	osh	AMBIGUOUS	osh;tsh;lsh;ksh;dsh
f101v2	3	l*l	lol	HIGH	lol;lkl;lal;lgl
f101v2	3	***	dar	AMBIGUOUS	dar;dal;qol;chy;sho
f101v2	3	***	dar	AMBIGUOUS	dar;dal;qol;chy;sho
f101v2	4	olch***	olchedy	AMBIGUOUS	olchedy;olcheey;olcheol;olcheor;olcheky
f101v2	4	***dar	chedar	AMBIGUOUS	chedar;chodar;otedar;okedar;shedar
f101v2	4	*	s	AMBIGUOUS	s;y;r;o;l
f101v2	4	oech***	oechedy	HIGH	oechedy;oechair
f101v2	4	***	dar	AMBIGUOUS	dar;dal;qol;chy;sho
f101v2	4	*	s	AMBIGUOUS	s;y;r;o;l
f101v2	4	*ain	dain	AMBIGUOUS	dain;sain;kain;rain;tain
f101v2	4	***	dar	AMBIGUOUS	dar;dal;qol;chy;sho
f101v2	4	oech***	oechedy	HIGH	oechedy;oechair
f101v2	4	***	dar	AMBIGUOUS	dar;dal;qol;chy;sho
f101v2	4	*	s	AMBIGUOUS	s;y;r;o;l
f101v2	5	da*s*	dalsy	HIGH	dalsy;daisn
f101v2	5	***daiin	chodaiin	AMBIGUOUS	chodaiin;chedaiin;shodaiin;shedaiin;otodaiin
f101v2	5	*eeol	keeol	HIGH	keeol;teeol;deeol
f101v2	5	da***	daiin	AMBIGUOUS	daiin;daiir;daldy;daram;dalol
f101v2	5	***	dar	AMBIGUOUS	dar;dal;qol;chy;sho
f101v2	5	***l	chol	AMBIGUOUS	chol;shol;okal;otal;otol
f101v2	5	**ol	chol	AMBIGUOUS	chol;shol;otol;okol;keol
f101v2	5	q*keor	qokeor	HIGH	qokeor;qekeor
f101v2	5	da***	daiin	AMBIGUOUS	daiin;daiir;daldy;daram;dalol
f101v2	5	***	dar	AMBIGUOUS	dar;dal;qol;chy;sho
f101v2	6	dos**	dosal	CERTAIN	dosal
f101v2	6	***iin	okaiin	AMBIGUOUS	okaiin;otaiin;odaiin;olaiin;lkaiin
f101v2	6	do***	doiin	AMBIGUOUS	doiin;doiir;dolar;doldy;dolor
f101v2	6	***iin	okaiin	AMBIGUOUS	okaiin;otaiin;odaiin;olaiin;lkaiin
f101v2	6	***	dar	AMBIGUOUS	dar;dal;qol;chy;sho
f101v2	6	**r	dar	AMBIGUOUS	dar;sar;dor;air;kar
f101v2	6	y**ol	ykeol	HIGH	ykeol;ychol;yteol;yshol;ykcol
f101v2	6	d***	dain	AMBIGUOUS	dain;dair;dchy;daly;dary
f101v2	6	***dan	shodan	HIGH	shodan;laldan;teedan;chedan
f101v2	6	ckh***	ckheey	AMBIGUOUS	ckheey;ckheol;ckhody;ckhedy;ckheos
f101v2	6	*cheody	pcheody	AMBIGUOUS	pcheody;tcheody;kcheody;ycheody;lcheody
f101v2	6	ckhosh*	ckhosho	CERTAIN	ckhosho
f101v2	7	okey***	okeytam	CERTAIN	okeytam
f101v2	7	***oiin	qokoiin	AMBIGUOUS	qokoiin;qotoiin;cthoiin;doroiin;soloiin
f101v2	7	okeo***	okeodar	AMBIGUOUS	okeodar;okeodal;okeoldy;okeosar;okeorar
f101v2	7	***oiin	qokoiin	AMBIGUOUS	qokoiin;qotoiin;cthoiin;doroiin;soloiin
f101v2	7	*****	daiin	AMBIGUOUS	daiin;chedy;shedy;qokal;saiin
f101v2	7	*****	daiin	AMBIGUOUS	daiin;chedy;shedy;qokal;saiin
f101v2	7	**eo	cheo	AMBIGUOUS	cheo;sheo;oteo;okeo;keeo
f101v2	7	okeo***	okeodar	AMBIGUOUS	okeodar;okeodal;okeoldy;okeosar;okeorar
f101v2	7	***in	daiin	AMBIGUOUS	daiin;saiin;okain;kaiin;raiin
f101v2	7	***	dar	AMBIGUOUS	dar;dal;qol;chy;sho
f101v2	8	keey***	keeyfar	CERTAIN	keeyfar
f101v2	8	***cheeo	qotcheeo	CERTAIN	qotcheeo
f101v2	8	*ol	qol	AMBIGUOUS	qol;dol;sol;tol;lol
f101v2	8	keey***	keeyfar	CERTAIN	keeyfar
f101v2	8	***	dar	AMBIGUOUS	dar;dal;qol;chy;sho
f101v2	8	***	dar	AMBIGUOUS	dar;dal;qol;chy;sho
f101v2	8	**ol*	choly	AMBIGUOUS	choly;otoly;chols;sholy;okoly
f101v2	8	okee*y	okeedy	HIGH	okeedy;okeeey;okeeoy;okeely;okeesy
f101v2	8	k******	ksheody	AMBIGUOUS	ksheody;kcheody;kodaiin;kchaiin;koraiin
f101v2	8	***araiin	qoparaiin	HIGH	qoparaiin;chearaiin;dararaiin;qoraraiin;ksharaiin
f101v2	9	****or	okchor	AMBIGUOUS	okchor;qokeor;otchor;okeeor;ytchor
f101v2	9	cthol**	ctholdy	HIGH	ctholdy;ctholdg;ctholdm
f101v2	9	***	dar	AMBIGUOUS	dar;dal;qol;chy;sho
f101v2	9	**	ol	AMBIGUOUS	ol;or;ar;dy;al
f101v2	9	otch***	otchedy	AMBIGUOUS	otchedy;otchody;otcheey;otchdal;otcheor
f101v2	9	***or	cheor	AMBIGUOUS	cheor;cthor;sheor;qokor;dchor
f101v2	9	cthol**	ctholdy	HIGH	ctholdy;ctholdg;ctholdm
f102r1	0a	******	qokedy	AMBIGUOUS	qokedy;qokeey;okaiin;qokain;otaiin
f102r1	0b	*******	qokaiin	AMBIGUOUS	qokaiin;qokeedy;qotaiin;qoteedy;qokchdy
f102r1	0c	******	qokedy	AMBIGUOUS	qokedy;qokeey;okaiin;qokain;otaiin
f102r2	5	or*ey	oreey	CERTAIN	oreey
f102r2	12	ch*ky	cheky	AMBIGUOUS	cheky;choky;chyky;chsky;chcky
f102r2	12	ch*ky	cheky	AMBIGUOUS	cheky;choky;chyky;chsky;chcky
f102r2	0a	********	chodaiin	AMBIGUOUS	chodaiin;chedaiin;qokchedy;qopchedy;shodaiin
f102r2	0b	*******	qokaiin	AMBIGUOUS	qokaiin;qokeedy;qotaiin;qoteedy;qokchdy
f102r2	0c	********	chodaiin	AMBIGUOUS	chodaiin;chedaiin;qokchedy;qopchedy;shodaiin
f102v2	7	ok**	okal	AMBIGUOUS	okal;okar;okol;okey;okor
f102v2	7	ot**	otal	AMBIGUOUS	otal;otar;otol;otey;otam
f102v2	7	o***	okal	AMBIGUOUS	okal;otal;otar;okar;otol
f102v2	7	tod*	tody	CERTAIN	tody
f102v2	7	tal*	taly	CERTAIN	taly
f102v2	7	tch***	tchedy	AMBIGUOUS	tchedy;tchody;tcheol;tcheey;tcheor
f102v2	4	qoee*r	qoeeor	HIGH	qoeeor;qoeear
f102v2	5	cheoe*	cheoet	CERTAIN	cheoet
f102v2	6	otee*	oteey	AMBIGUOUS	oteey;oteeo;otees;oteed;oteem
f102v2	7	cho*	chol	AMBIGUOUS	chol;chor;chos;chom;choy
f102v2	7	cho*	chol	AMBIGUOUS	chol;chor;chos;chom;choy
f102v2	8	*key	okey	AMBIGUOUS	okey;ykey;lkey;akey;skey
f102v2	8	*key	okey	AMBIGUOUS	okey;ykey;lkey;akey;skey
f102v2	5	****	aiin	AMBIGUOUS	aiin;chol;chey;shey;chor
f102v2	5	o***	okal	AMBIGUOUS	okal;otal;otar;okar;otol
f102v2	9	*y	dy	AMBIGUOUS	dy;sy;ky;ty;ly
f102v2	10	she*e	shese	HIGH	shese;sheoe;sheee;shere
f102v2	10	olde*y	oldeey	CERTAIN	oldeey
f102v2	10	she*e	shese	HIGH	shese;sheoe;sheee;shere
f102v2	12	*keeeos	ykeeeos	CERTAIN	ykeeeos
f102v2	12	**keeeos	qokeeeos	CERTAIN	qokeeeos
f102v2	14	da*	dar	AMBIGUOUS	dar;dal;dam;dan;das
f102v2	17	rai*	rain	HIGH	rain;rair;rais
f102v2	17	rai*	rain	HIGH	rain;rair;rais
f102v1	0	*********	cheodaiin	AMBIGUOUS	cheodaiin;pchodaiin;oteodaiin;sheckhedy;cheedaiin
f102v1	5	tch*	tchy	HIGH	tchy;tcho;tchd;tchs;tche
f102v1	2	dais*	daisn	CERTAIN	daisn
f103r	1	***	dar	AMBIGUOUS	dar;dal;qol;chy;sho
f103r	2	ok**	okal	AMBIGUOUS	okal;okar;okol;okey;okor
f103r	2	*****	daiin	AMBIGUOUS	daiin;chedy;shedy;qokal;saiin
f103r	2	ok**	okal	AMBIGUOUS	okal;okar;okol;okey;okor
f103r	2	ok**	okal	AMBIGUOUS	okal;okar;okol;okey;okor
f103r	3	ot**	otal	AMBIGUOUS	otal;otar;otol;otey;otam
f103r	3	******	qokedy	AMBIGUOUS	qokedy;qokeey;okaiin;qokain;otaiin
f103r	3	*****	daiin	AMBIGUOUS	daiin;chedy;shedy;qokal;saiin
f103r	3	*****	daiin	AMBIGUOUS	daiin;chedy;shedy;qokal;saiin
f103r	3	****************	chepchefyshdchdy	CERTAIN	chepchefyshdchdy
f103r	3	*****	daiin	AMBIGUOUS	daiin;chedy;shedy;qokal;saiin
f103r	5	****	aiin	AMBIGUOUS	aiin;chol;chey;shey;chor
f103r	5	k**	kar	AMBIGUOUS	kar;kol;kal;kor;key
f103r	5	*****	daiin	AMBIGUOUS	daiin;chedy;shedy;qokal;saiin
f103r	5	****	aiin	AMBIGUOUS	aiin;chol;chey;shey;chor
f103r	6	qot********	qotcheeaiin	AMBIGUOUS	qotcheeaiin;qotchodaiin;qoteedykeey;qotolfchedy;qoteytyqoky
f103r	6	qot***	qotedy	AMBIGUOUS	qotedy;qotchy;qotain;qoteey;qoteol
f103r	6	****	aiin	AMBIGUOUS	aiin;chol;chey;shey;chor
f103r	6	***	dar	AMBIGUOUS	dar;dal;qol;chy;sho
f103r	6	***	dar	AMBIGUOUS	dar;dal;qol;chy;sho
f103r	6	qot***	qotedy	AMBIGUOUS	qotedy;qotchy;qotain;qoteey;qoteol
f103r	6	****	aiin	AMBIGUOUS	aiin;chol;chey;shey;chor
f103r	6	***	dar	AMBIGUOUS	dar;dal;qol;chy;sho
f103r	8	**************	chesokeeoteody	AMBIGUOUS	chesokeeoteody;chesokchoteody;doleesockheeod;lpcheorolpchey;oparyolpairody
f103r	9	l**	lol	AMBIGUOUS	lol;lor;ldy;lky;lkl
f103r	14	qok*	qoky	AMBIGUOUS	qoky;qokl;qoko;qokg;qokd
f103r	25	*teey	oteey	HIGH	oteey;yteey;lteey;ateey
f103v	2	cha*r	chair	HIGH	chair;chaer;chalr
f103v	2	cha*r	chair	HIGH	chair;chaer;chalr
f103v	3	qot***	qotedy	AMBIGUOUS	qotedy;qotchy;qotain;qoteey;qoteol
f103v	4	*	s	AMBIGUOUS	s;y;r;o;l
f103v	5	ol*eey	olkeey	HIGH	olkeey;oleeey;olteey;oldeey;olpeey
f103v	36	sh*y	shey	AMBIGUOUS	shey;shdy;shky;shty;shoy
f104r	3	ot*ch	otech	CERTAIN	otech
f104r	7	oka**	okain	AMBIGUOUS	okain;okair;okaly;okary;okady
f104r	8	**	ol	AMBIGUOUS	ol;or;ar;dy;al
f104r	12	qoteod*	qoteody	HIGH	qoteody;qoteode
f104v	2	*ockhy	qockhy	HIGH	qockhy;tockhy;dockhy;sockhy
f104v	5	s*rol	sarol	HIGH	sarol;sorol;shrol
f104v	17	*r	or	AMBIGUOUS	or;ar;lr;dr;yr
f104v	23	*l	ol	AMBIGUOUS	ol;al;dl;yl;kl
f104v	37	yte*ar	ytedar	CERTAIN	ytedar
f105r	15	o*r	oar	AMBIGUOUS	oar;olr;oir;oor;odr
f105r	26	r*al	rkal	CERTAIN	rkal
f105r	31	a*	ar	AMBIGUOUS	ar;al;am;an;as
f105v	32	qoeedeod*	qoeedeody	CERTAIN	qoeedeody
f106v	30	o**ysarx	oinysarx	CERTAIN	oinysarx
f106v	32	pche*dy	pcheody	HIGH	pcheody;pcheedy;pcheady
f111r	16	sheota**	sheotain	CERTAIN	sheotain
f111r	18	lch**	lchey	AMBIGUOUS	lchey;lchdy;lchal;lchor;lched
f111r	21	a**	ain	AMBIGUOUS	ain;air;aly;ary;aim
f111r	50	k*l	kol	HIGH	kol;kal
f111r	51	*ain	dain	AMBIGUOUS	dain;sain;kain;rain;tain
f111v	5	qok*d	qoked	HIGH	qoked;qokod;qokyd;qokad
f111v	15	l*s	los	HIGH	los;lls;les;las
f111v	18	sh*ey	sheey	HIGH	sheey;shtey;shkey;shoey
f111v	26	pola*ar	polarar	HIGH	polarar;polanar
f111v	32	chara*	charam	HIGH	charam;charan
f111v	33	*oair	qoair	HIGH	qoair;koair;doair;toair
f111v	44	chee*l	cheeol	HIGH	cheeol;cheeal;cheeyl
f112r	1	*lly	ally	CERTAIN	ally
f112r	11	choty*	chotyr	CERTAIN	chotyr
f112r	16	she*dy	sheedy	HIGH	sheedy;sheody;sheady
f112r	16	she*dy	sheedy	HIGH	sheedy;sheody;sheady
f112r	16	she*dy	sheedy	HIGH	sheedy;sheody;sheady
f112r	45	oi*n	oiin	CERTAIN	oiin
f112r	45	***yky	cheyky	HIGH	cheyky;sheyky;dchyky;kolyky;tchyky
f112r	45	***yky	cheyky	HIGH	cheyky;sheyky;dchyky;kolyky;tchyky
f112v	7	oe*saiin	oeesaiin	HIGH	oeesaiin;oeisaiin
f112v	9	**	ol	AMBIGUOUS	ol;or;ar;dy;al
f112v	9	***	dar	AMBIGUOUS	dar;dal;qol;chy;sho
f112v	36	tched*	tchedy	HIGH	tchedy;tchede
f112v	41	ykeeda*	ykeedal	HIGH	ykeedal;ykeedar;ykeedan
f112v	43	oo*ar	ookar	CERTAIN	ookar
f112v	47	*ltar	oltar	CERTAIN	oltar
f113r	1	pches*chy	pchesfchy	HIGH	pchesfchy;pcheskchy
f113r	14	qokcheo*y	qokcheody	CERTAIN	qokcheody
f113r	16	pche*or	pcheoor	HIGH	pcheoor;pcheyor
f113r	19	y*al	ytal	AMBIGUOUS	ytal;ykal;ydal;ypal;yfal
f113r	19	y*al	ytal	AMBIGUOUS	ytal;ykal;ydal;ypal;yfal
f113r	31	*ky	oky	AMBIGUOUS	oky;lky;yky;aky;sky
f113r	50	oteee*y	oteeedy	CERTAIN	oteeedy
f113v	6	cheoda*	cheodal	HIGH	cheodal;cheodar;cheodam
f113v	15	*ar	dar	AMBIGUOUS	dar;sar;kar;tar;rar
f113v	15	*ar	dar	AMBIGUOUS	dar;sar;kar;tar;rar
f113v	15	*ar	dar	AMBIGUOUS	dar;sar;kar;tar;rar
f114r	1	o*aiin	okaiin	AMBIGUOUS	okaiin;otaiin;odaiin;olaiin;oraiin
f114r	11	d**chy	dytchy	AMBIGUOUS	dytchy;dorchy;dykchy;dalchy;dchchy
f114r	39	oeda*	oedal	CERTAIN	oedal
f114v	11	otam*	otamy	CERTAIN	otamy
f114v	18	qoto*	qotol	AMBIGUOUS	qotol;qotor;qotod;qotoy;qotom
f114v	19	osh*o	osheo	CERTAIN	osheo
f114v	41	o**y	okey	AMBIGUOUS	okey;otey;oldy;olky;ochy
f115v	41	qo*chyr	qopchyr	CERTAIN	qopchyr
f115v	42	l*l	lol	HIGH	lol;lkl;lal;lgl
f116r	1	q*teey	qoteey	CERTAIN	qoteey
f116r	1	***eey	qokeey	AMBIGUOUS	qokeey;olkeey;qoteey;ycheey;okeeey
f116r	10	chd*iin	chdaiin	CERTAIN	chdaiin
f116r	12	qo**o	qokeo	AMBIGUOUS	qokeo;qoteo;qoeeo;qocho;qooto
f116r	12	ota*	otal	AMBIGUOUS	otal;otar;otam;otan;otas
f116r	28	she*l	sheol	HIGH	sheol;sheal;shedl;shenl
f116r	43	**	ol	AMBIGUOUS	ol;or;ar;dy;al
f116r	43	**	ol	AMBIGUOUS	ol;or;ar;dy;al
f116r	44	sh***	shedy	AMBIGUOUS	shedy;sheey;sheol;shody;sheor
f116r	44	sh**y	shedy	AMBIGUOUS	shedy;sheey;shody;sheky;shety
